9913dd4b-9332-4465-8c80-11b734250046,7f0946e6-cf47-4278-b777-c11f9e485322,340f07fa-b5e8-4fd0-9fca-60b2f7304123,0bfdc658-844e-4b09-b55e-436561c00528,fbc5f164-e12a-495e-aff0-1bba1d27abfb,47545df5-5d29-439a-98fd-bf3f471a9129,7465d9b1-e46f-4427-b49e-a7da2aba20e2,649da738-bac2-4798-ac71-6ebc3c7a8559,01eac7ec-c121-4a58-a0c9-d810fad1bff8,4e32a279-679f-4a1e-85f8-c62b267ba526,ee98ff29-233b-4e43-b97a-915fd0047b6e,1157d73d-6c06-4eef-a5f9-e6a77b0d58cb,0477dc76-a32d-4bbd-b19b-104caee316f4,9abf8b0c-a741-48d2-88aa-cea18fc4b823,5af4483b-28dd-4109-88e8-bd364cf2ca81,6573e03b-9e85-4506-82d0-c3d6be82be48,fac85871-4daf-422f-ad55-e8b00d9141d3,279c83c7-c00e-4758-b285-5127ae5133c5,47d65ed7-64a7-4205-8223-c16e3db52b65,75b87260-1a60-416b-91ae-55c8b417c4a5,c6888416-b6a1-4200-8d9c-08356fecbcc6,1d0a1570-0adc-4a9e-8278-b587cb570ba9,fc240611-89f2-426e-901e-ef0a2d9582a5,e5f0396c-2c25-43c8-9fe7-2179b0543c26,a914c4b7-7663-41c8-8dc4-0cde883cad1e,4261acdf-51cb-47e0-8150-92f9207d5242,6184e577-c5cb-4cc3-a483-c766fa6deae1,7756b624-b9f1-471f-8c64-812326c467d8,6c11cdfc-f152-4974-ac02-b8e5d10a6b36,7255012d-9a0b-4646-a5c7-8c3ea3a887a2,draw,0-0
9913dd4b-9332-4465-8c80-11b734250046,7f0946e6-cf47-4278-b777-c11f9e485322,340f07fa-b5e8-4fd0-9fca-60b2f7304123,0bfdc658-844e-4b09-b55e-436561c00528,fbc5f164-e12a-495e-aff0-1bba1d27abfb,47545df5-5d29-439a-98fd-bf3f471a9129,7465d9b1-e46f-4427-b49e-a7da2aba20e2,649da738-bac2-4798-ac71-6ebc3c7a8559,01eac7ec-c121-4a58-a0c9-d810fad1bff8,4e32a279-679f-4a1e-85f8-c62b267ba526,ee98ff29-233b-4e43-b97a-915fd0047b6e,1157d73d-6c06-4eef-a5f9-e6a77b0d58cb,0477dc76-a32d-4bbd-b19b-104caee316f4,9abf8b0c-a741-48d2-88aa-cea18fc4b823,5af4483b-28dd-4109-88e8-bd364cf2ca81,6573e03b-9e85-4506-82d0-c3d6be82be48,fac85871-4daf-422f-ad55-e8b00d9141d3,279c83c7-c00e-4758-b285-5127ae5133c5,47d65ed7-64a7-4205-8223-c16e3db52b65,75b87260-1a60-416b-91ae-55c8b417c4a5,c6888416-b6a1-4200-8d9c-08356fecbcc6,1d0a1570-0adc-4a9e-8278-b587cb570ba9,fc240611-89f2-426e-901e-ef0a2d9582a5,e5f0396c-2c25-43c8-9fe7-2179b0543c26,a914c4b7-7663-41c8-8dc4-0cde883cad1e,4261acdf-51cb-47e0-8150-92f9207d5242,6184e577-c5cb-4cc3-a483-c766fa6deae1,7756b624-b9f1-471f-8c64-812326c467d8,6c11cdfc-f152-4974-ac02-b8e5d10a6b36,7255012d-9a0b-4646-a5c7-8c3ea3a887a2,draw,0-0
bbe21408-c73e-432f-bcd3-5bad98ba1575,2edaf97b-2b2f-4ad4-9264-be8926279088,59df29de-d8ec-4bfc-b2ed-623d6e81c74a,30ac976f-1ed2-4fe0-ac54-581271a1ebf6,293d1bad-e4b8-470c-90be-20a58c3c5737,0977b875-b240-45c5-9b5d-a26608636311,c88757fa-cb9f-413e-bdef-4c06023891c9,bd55075d-28c7-4a7c-aaf7-daf15aea7e2e,31aa2d9f-b3e7-499f-b9ba-f2c93b83c880,3b88ece8-1796-4f49-80d1-9a4d44cd78c1,dedce2b5-fdb3-439f-9fce-36073c650d3d,022e8ca9-e697-4ff4-90b0-037b08dd61a1,1f62c0e4-8028-4d85-9481-c54755b93aa1,fcacb55f-7ab6-4990-a7e0-34eaa28e1fab,94e86fbf-0f28-4a59-b330-5f2ecb4201a6,b9575882-eceb-44d0-95cb-63d07d89aa16,fef93412-e52f-4ff7-82f3-584b1a2dcb08,d54d35d1-583d-4bda-b125-789bbc3e9c08,3a86ecd4-4d70-466e-be6c-c939a0701e99,9146245c-b1ca-4813-b149-e2879202dc0c,0d44c3d1-5319-4c99-b05e-9112c0fd5edc,23b52f5e-f26f-46fd-a0dd-5db8d40ead50,d97f3510-6049-46c7-a1c6-2d2d40ea9073,b72b8151-e47e-4cda-acfe-0ba8a16d73a7,f3fb01d4-30cd-4453-874b-68f31dffb49e,b8cefd74-4cdc-4f83-9975-b60cddce817e,825d72bd-440e-4712-8d29-12e84e597984,1959e6ee-9961-4ce4-b912-b1cf695b76d0,04f13e5d-2a36-44cb-8a84-53928acaa4a0,8b2ff330-aa03-46a7-81ed-e063b6e7f0a3,homeWin,1-0
bbe21408-c73e-432f-bcd3-5bad98ba1575,2edaf97b-2b2f-4ad4-9264-be8926279088,59df29de-d8ec-4bfc-b2ed-623d6e81c74a,30ac976f-1ed2-4fe0-ac54-581271a1ebf6,293d1bad-e4b8-470c-90be-20a58c3c5737,0977b875-b240-45c5-9b5d-a26608636311,c88757fa-cb9f-413e-bdef-4c06023891c9,bd55075d-28c7-4a7c-aaf7-daf15aea7e2e,31aa2d9f-b3e7-499f-b9ba-f2c93b83c880,3b88ece8-1796-4f49-80d1-9a4d44cd78c1,dedce2b5-fdb3-439f-9fce-36073c650d3d,022e8ca9-e697-4ff4-90b0-037b08dd61a1,1f62c0e4-8028-4d85-9481-c54755b93aa1,fcacb55f-7ab6-4990-a7e0-34eaa28e1fab,94e86fbf-0f28-4a59-b330-5f2ecb4201a6,b9575882-eceb-44d0-95cb-63d07d89aa16,fef93412-e52f-4ff7-82f3-584b1a2dcb08,d54d35d1-583d-4bda-b125-789bbc3e9c08,3a86ecd4-4d70-466e-be6c-c939a0701e99,9146245c-b1ca-4813-b149-e2879202dc0c,0d44c3d1-5319-4c99-b05e-9112c0fd5edc,23b52f5e-f26f-46fd-a0dd-5db8d40ead50,d97f3510-6049-46c7-a1c6-2d2d40ea9073,b72b8151-e47e-4cda-acfe-0ba8a16d73a7,f3fb01d4-30cd-4453-874b-68f31dffb49e,b8cefd74-4cdc-4f83-9975-b60cddce817e,825d72bd-440e-4712-8d29-12e84e597984,1959e6ee-9961-4ce4-b912-b1cf695b76d0,04f13e5d-2a36-44cb-8a84-53928acaa4a0,8b2ff330-aa03-46a7-81ed-e063b6e7f0a3,homeWin,1-0
a50d4950-758b-4ded-8f7f-f76969b36b95,35b121ee-41ea-448b-bb15-cc5aec5df8cc,b5d6c116-6f3a-4cde-a058-14efb0110392,4bb2cea3-1af3-4eed-880d-ffb0b613c507,1e205043-ea2c-4ad0-b3cc-07c4f3bc29e0,fb2276fb-54fc-45fb-888f-1a00d28ee126,f7aac008-221a-4e3b-a86f-72e74747244e,9ba25768-d067-4ad3-8ac8-aca259946ebf,6beebba5-0ed2-4dfc-af03-4ccc5f367500,a2551eb1-eafc-4451-a35d-ab6a73d12bd2,77a0ca3c-5907-45b5-a079-226012215638,53df9637-5b69-435c-8514-5bf4864d18f0,c2dacb13-cf9d-4aec-ac0c-de5c31d33b90,e46b8a92-16be-4831-bd41-1e279051d674,6fad7ce3-d90c-43ff-ad06-2a692adc53d3,12566dfe-5818-44a3-868b-14e6ab6c87e5,649d8177-712b-44ab-a37d-a0986a047814,209f5539-e6e4-4c2f-95bc-3ee4ba8fd138,00220be9-2c18-4113-9b5d-fc8ea4c64bc3,5530fdf6-4165-48e2-b1e6-d6e1fb76ce30,7e2e655f-249f-4c29-ab7e-b82fd8c5d313,161b9e1d-eb0b-4ab7-a296-71d09164124f,37875f23-d365-4881-8b53-b8f3f61e1f1d,8cefb673-e564-4faa-ac0a-df5103880124,08ca6371-9fa7-4c07-b5ad-d6edc2ed7550,51054b71-f1a9-4397-ba0c-295a1287c32a,8ebcea9c-62a8-4a11-bf0b-6cc9527f2eaa,4c2c6d31-f85f-4df1-9983-249e401d6b5c,839a7a51-5934-4b40-b273-c1cab15f9634,98f532d8-8512-44b7-b200-3a655b796c78,homeWin,2-0
a50d4950-758b-4ded-8f7f-f76969b36b95,35b121ee-41ea-448b-bb15-cc5aec5df8cc,b5d6c116-6f3a-4cde-a058-14efb0110392,4bb2cea3-1af3-4eed-880d-ffb0b613c507,1e205043-ea2c-4ad0-b3cc-07c4f3bc29e0,fb2276fb-54fc-45fb-888f-1a00d28ee126,f7aac008-221a-4e3b-a86f-72e74747244e,9ba25768-d067-4ad3-8ac8-aca259946ebf,6beebba5-0ed2-4dfc-af03-4ccc5f367500,a2551eb1-eafc-4451-a35d-ab6a73d12bd2,77a0ca3c-5907-45b5-a079-226012215638,53df9637-5b69-435c-8514-5bf4864d18f0,c2dacb13-cf9d-4aec-ac0c-de5c31d33b90,e46b8a92-16be-4831-bd41-1e279051d674,6fad7ce3-d90c-43ff-ad06-2a692adc53d3,12566dfe-5818-44a3-868b-14e6ab6c87e5,649d8177-712b-44ab-a37d-a0986a047814,209f5539-e6e4-4c2f-95bc-3ee4ba8fd138,00220be9-2c18-4113-9b5d-fc8ea4c64bc3,5530fdf6-4165-48e2-b1e6-d6e1fb76ce30,7e2e655f-249f-4c29-ab7e-b82fd8c5d313,161b9e1d-eb0b-4ab7-a296-71d09164124f,37875f23-d365-4881-8b53-b8f3f61e1f1d,8cefb673-e564-4faa-ac0a-df5103880124,08ca6371-9fa7-4c07-b5ad-d6edc2ed7550,51054b71-f1a9-4397-ba0c-295a1287c32a,8ebcea9c-62a8-4a11-bf0b-6cc9527f2eaa,4c2c6d31-f85f-4df1-9983-249e401d6b5c,839a7a51-5934-4b40-b273-c1cab15f9634,98f532d8-8512-44b7-b200-3a655b796c78,homeWin,2-0
3b637be5-b0b0-49f5-b4e9-b2ff76549707,b0d48bed-482d-4ff9-afcf-0954d5b6ea04,1ad52b00-f783-4a9d-87c9-f267cbe66b3b,6e1ea0f7-a5f4-48d5-8d9b-bb614c85a7bb,b2a93f23-4d3a-48b7-97d6-c09aed2e253f,d66896f6-3652-4227-9e8d-6910f4e59e2f,0628ba8a-1d02-4899-828f-2d959db2aedd,b0e4cd84-93cf-4961-8bfc-26817d367c0b,0548898a-dd95-4061-8d30-2515c6149768,69442a9b-007b-4cb1-af4c-37d937f293a2,27c854ce-2eab-4d93-baaf-63179415443d,a0eb40fa-64fe-4d8f-ad8c-b4392256af44,61ab0563-fc4a-453c-8b22-7195154b100b,161b9e1d-eb0b-4ab7-a296-71d09164124f,3209800a-470b-430c-8f9a-82f6f4b391ca,3effb6f4-e643-4a23-874a-8cbef1adfc7c,e33bea12-ef36-485c-ac73-db635854b5fb,2a47e1a6-af84-4169-8e22-0eb2d8617d12,be3511fc-bc84-43e4-be2d-f457a3d46cc7,049050a5-8280-401b-80e4-8357e36b8f22,87e478d1-e457-415d-9188-e6d181dafad8,6abe528c-bc98-4c57-8e9c-217335d169b7,06593de8-8bbd-479f-8590-e6632e2126dd,a72612ef-c4d4-4b9c-957b-4f6892fc99c3,3d99a74f-81e5-400b-b26e-aed111eab839,9f365700-264b-4825-a904-b10e370a6fc0,1ee0bc44-d7ed-45d2-aa1d-1d1545a0f287,111d35c1-1228-4af1-b6f2-822b470c134c,f0f25b37-776c-48dc-8234-cdf0c79ff18e,d363baea-70df-482c-81ef-b66afb9484cc,draw,2-2
4b7a5d6d-798a-4c8c-afbf-ad17744e2ae5,5946660f-7082-448f-963d-9c486fd41e90,af754318-287d-45c7-82ba-71c46d92d91a,65748b77-ff58-448a-b782-d7c20098fa8a,9e3543ba-3df8-4f9d-a570-502044f0342e,355d1608-10a7-4de1-b92f-f9b0e8893f45,8fec954f-64ee-4687-a175-84cd1d2f1487,03ef219d-a797-4831-af03-ccd852cfa42a,ec14a9e1-c66b-4da1-a0d0-5918f515c85d,420c3a13-2852-4b68-8885-c766ac240613,23b7c96b-1b4c-4956-ac95-cb67d9a231c8,f39b6447-b4e5-44f9-ab8d-702e9ecad526,9c773594-ec07-4f96-82e6-2ed4096f1cea,373dd18f-cb58-4f93-941c-4c7a1d3aae66,a5441dc5-ab6a-4a5b-aa06-d13b658e97e4,a3aa3eb1-3962-4641-a53f-c337054c0841,a070685b-b38f-4e72-8ba5-895828e77abf,5e34f52a-f2ca-4cdd-aa34-1f9a377e5263,c89711d2-783a-45d4-918b-de1250f32f13,96c730a1-9cb9-4a79-84b9-b76f9de44fa9,18fcf45b-2ab6-4294-89e6-bbfadf8acec3,3d64b21e-79a3-4b44-bbb3-7b5c7a5ca77c,1e97c9e7-4696-45af-abf6-fad3b046df7b,8da79da1-ccc0-4282-a291-3a78e025d78a,fbafacac-ccc7-4f6e-97a3-2a4ec8be2362,e934a3bd-1ffd-4ae6-9278-3acfa42b199a,fefaaaf4-6fbe-4606-9f94-421cefe808fe,083e1256-ac50-40f0-a616-1d8f8c42b4c6,282a3ce3-7903-4377-b620-439bdc111ce8,97f72154-4ea0-450d-8876-782bf84b5526,awayWin,0-4
d286c0bf-6534-4fcf-b60a-b97a91d97b72,a162ba9f-53d0-4f7a-a48e-f4e73d5f60f8,d62a3ff7-2a52-4668-9ba2-fa6b56b54701,1003f1d0-e38e-4904-b16b-bcbfd85d2f1d,10d9969d-4baf-4c46-b828-b6ba05f92cc3,a7967765-365d-4094-8468-fbf1de74efa8,5fd5996f-9409-4a19-b858-0c3f1af8b34b,f0440f5d-2f17-4baa-9569-fbb7f2e24400,dbd2a0f3-9a91-49b3-999b-c6d5e50a37cd,a077c389-bccb-4443-ba7d-03c8ea7bb2b4,99852fae-e5b3-4f9b-abba-631cae73572a,dd270eb1-d475-4797-af29-e06d80e18fde,95318d9a-57fd-4edd-a279-d7a0f53b5b57,ff2bb35f-8cf7-45b7-8e86-6f6c4d720bf9,5cf58527-a516-48e0-bcb8-b23a535674ee,fab9af29-a8c7-4473-b237-80314ac6bc25,cc8cd6f8-a07d-4ee2-962f-16958648eb6d,a008eec2-b9a3-4074-a37c-8c6864b22400,2395bd40-23ec-43c1-afe3-1c7e420014ac,7615109f-0a7b-4418-8cde-0d4b6e68ae5c,d57bcb9c-3520-4f96-a60d-043397858432,692765c2-9980-4e9d-9bc7-61761fb683e6,c4d29ad8-69cd-4ccb-8a26-a77a4d7ace83,26a84281-0e22-46b3-9677-670d659ef3df,38a54c3f-55bf-4a70-87bf-4b0d9dade257,464aac5d-8fa2-4c5e-bbee-613e21ba7b47,0e44523a-be15-45de-a571-29919a7b39c6,b93cce25-a43d-4d9d-af4e-589183dcebaf,fe71bb6b-af93-41a9-aedc-709ba855ace7,fe71bb6b-af93-41a9-aedc-709ba855ace7,homeWin,2-1
4b7a5d6d-798a-4c8c-afbf-ad17744e2ae5,5946660f-7082-448f-963d-9c486fd41e90,af754318-287d-45c7-82ba-71c46d92d91a,65748b77-ff58-448a-b782-d7c20098fa8a,9e3543ba-3df8-4f9d-a570-502044f0342e,355d1608-10a7-4de1-b92f-f9b0e8893f45,8fec954f-64ee-4687-a175-84cd1d2f1487,03ef219d-a797-4831-af03-ccd852cfa42a,ec14a9e1-c66b-4da1-a0d0-5918f515c85d,420c3a13-2852-4b68-8885-c766ac240613,23b7c96b-1b4c-4956-ac95-cb67d9a231c8,f39b6447-b4e5-44f9-ab8d-702e9ecad526,9c773594-ec07-4f96-82e6-2ed4096f1cea,373dd18f-cb58-4f93-941c-4c7a1d3aae66,a5441dc5-ab6a-4a5b-aa06-d13b658e97e4,a3aa3eb1-3962-4641-a53f-c337054c0841,a070685b-b38f-4e72-8ba5-895828e77abf,5e34f52a-f2ca-4cdd-aa34-1f9a377e5263,c89711d2-783a-45d4-918b-de1250f32f13,96c730a1-9cb9-4a79-84b9-b76f9de44fa9,18fcf45b-2ab6-4294-89e6-bbfadf8acec3,3d64b21e-79a3-4b44-bbb3-7b5c7a5ca77c,1e97c9e7-4696-45af-abf6-fad3b046df7b,8da79da1-ccc0-4282-a291-3a78e025d78a,fbafacac-ccc7-4f6e-97a3-2a4ec8be2362,e934a3bd-1ffd-4ae6-9278-3acfa42b199a,fefaaaf4-6fbe-4606-9f94-421cefe808fe,083e1256-ac50-40f0-a616-1d8f8c42b4c6,282a3ce3-7903-4377-b620-439bdc111ce8,97f72154-4ea0-450d-8876-782bf84b5526,awayWin,0-4
be06838e-ff7e-48f3-a50d-c211c1a8ce78,ac6f97c6-58fa-462a-869e-fc9dd3a00ca5,b99f5ec3-d7df-4fff-958d-6eac71ca2378,853cec06-48f8-4ed5-9110-45a4d31082bb,ca010d72-f01a-48c2-b254-9cc238509453,9afe4697-b629-4f87-8adc-fb08f601c036,d747a9be-0c94-4d90-9e9d-2319a30e37b0,23b97238-981a-424c-8898-ec7ded26bc15,7faeaaf4-6350-4825-acde-d8ffa4442e47,652202f3-10c3-418d-9b9f-015587b62da4,70406c53-5ee4-4c7c-8d75-38238241b582,06bc5286-c532-4b84-83a8-662e634d89f3,490dfa30-a9f5-4377-8e05-b64ddac3349c,0fdf052f-abf0-4b3c-b326-e6b7cb43637a,b6c2b20d-dc77-48e8-941e-ca7532f77bb9,9fc8d0d3-fba7-4f5f-80b0-6259cb07b94a,3250fe9b-1a28-4500-8660-169c18351be8,212e5f24-8522-4a0d-897e-eccc39608555,2bdf8c27-fb33-49c3-898f-e2fd7d1346fc,f2cf934f-d17c-4790-8a79-dc7457fda890,a1378466-a028-40e6-868c-a8a597708936,b37b871a-552b-4e4f-aa1c-d017716f6bd4,b741937c-05f8-46fe-b032-15094b0afe8e,1237d03e-b1cb-427c-9084-5a5e814e68a4,c24e4baf-f615-46dd-a4c6-beb23025ff28,8891ad2f-8e75-405f-9cf4-778a5f890e0e,099654c1-19aa-48de-b64d-eb817543e5b2,9c87b1d3-c4d9-4f07-b1dd-783935360e2f,8e330a77-1769-4868-bde1-e3b5ab6475df,8e3a9122-71c4-4ba7-bfff-1b19bfedd82c,draw,1-1
7c877d8e-e911-4bec-b25b-38cb0d3125aa,6b6eb79e-0b35-41a4-b330-f64bbf94459f,cdd44a57-2a8a-4520-a377-8bbbe90dcf72,94a11ce9-2275-46b3-8f9c-17325dea2ce6,5b1c21c5-b786-43ff-b5fa-2ef87900f3eb,0977b875-b240-45c5-9b5d-a26608636311,9bc73ba2-01e3-4b8e-9414-d31760ac757e,ee4a8da4-849a-4843-9a9c-81a49336f933,0c7a6a7e-9e35-4692-ad6b-b05b20357e07,322776d9-60cc-4036-8720-bcee021a5d0f,2c020e3d-8b55-4749-88a4-573e21eba931,3e1a9e0a-b52a-4438-9530-05f1937cdc0d,fe628559-cdb7-4da4-b785-c85f16676395,dafb1357-640b-4992-a412-778ddaf871f8,14bb1237-db23-491f-a16e-a76aeb2dcfb4,a82c895b-46da-4230-9ca7-bbf3918d99df,75ce2f31-04ae-425d-b3f1-2f32e2c51402,27874ca0-9d09-4493-97cb-02710999ac56,0d96be71-3075-49d3-b6a7-3a304739d517,58ae1c80-36ce-4976-9523-fc747a6d4ff2,ee9507b7-0dbf-4d14-b49d-235fc4aa318c,ce98a22e-2ffc-4bae-9062-91975a340c30,a268c323-5776-48c9-be2e-73cb6afa38de,e6573cbb-bb33-408a-a1a5-856591fe1c9e,d95dac6f-2f27-49f2-b202-ace860c3ea5a,7c557516-0e60-4388-9572-9ec84ce8dd93,1068e500-a147-4487-aa88-ce9f6ccbe54c,775efab2-91ce-4de8-be39-e13736a85630,15c321e8-c85c-4392-a8d0-d986cae7ef6e,918c4efb-d5a2-4f0f-9d98-87deb579da2f,awayWin,1-2
89d45c34-5262-49c1-b1da-4587b8713d13,2c371cd2-4244-4910-9c0c-5ba20c935e9a,ddfa347f-f072-4bce-964b-2757f22ea107,4795405d-0401-43d7-a06a-06febc88f8dd,ff2eb1b1-be49-4dab-aefe-24d2943d18b1,463029dd-64fe-431b-ad95-90bad2b4babb,db062cf1-afeb-43c3-ad24-2b71085e0fe8,371a24a9-990a-4cec-9ea3-f914ec3b3999,589ae468-0242-409e-9231-a9de9944896b,5b2b8684-44ee-4d48-8324-0503fd70b669,11c8181b-8bde-4b10-b807-e5ca781cf0ba,c2878d86-f830-413d-83fe-a9c46d8c7c84,e6b321d3-6ea4-400a-9a30-b336d395aa17,7f732a4d-f6a7-469f-96d5-fc0d8e8a7265,3627e2f6-2675-458b-ad0d-2d4ff3da7210,81e5652e-3d2a-4393-bf78-4af6ce17a781,1c0d6173-171c-48a0-8821-be2802c94e64,cb1f2a76-b6e1-455c-9696-ac3d80607ec3,cb83c62d-41c1-4bed-8f0f-1ea9d36880dc,11837ed7-5eef-44ee-a372-8c2c7235e79b,5633e6a8-a584-401f-9338-b3dd53f334fb,2e205f15-e7b3-4c65-b5af-a84fd0fab0ae,2d092d90-a33d-4578-ad75-edd9cfa7bb46,3b6f23df-9990-446a-be08-50c5188428a2,d944fd43-46eb-4fb9-a0fb-211510fa1356,946d52dd-f69b-4803-9729-294939cb96f8,18111097-6bf6-40cd-8e3a-c814c00c6ea8,2ec3d74d-336c-4fdf-ad5d-e2feaccce79c,8d5dfeb4-f637-4554-93af-3007d6a05147,8f5c1e36-763c-44dd-a812-3060599c00ce,draw,2-2
7c877d8e-e911-4bec-b25b-38cb0d3125aa,6b6eb79e-0b35-41a4-b330-f64bbf94459f,cdd44a57-2a8a-4520-a377-8bbbe90dcf72,94a11ce9-2275-46b3-8f9c-17325dea2ce6,5b1c21c5-b786-43ff-b5fa-2ef87900f3eb,0977b875-b240-45c5-9b5d-a26608636311,9bc73ba2-01e3-4b8e-9414-d31760ac757e,ee4a8da4-849a-4843-9a9c-81a49336f933,0c7a6a7e-9e35-4692-ad6b-b05b20357e07,322776d9-60cc-4036-8720-bcee021a5d0f,2c020e3d-8b55-4749-88a4-573e21eba931,3e1a9e0a-b52a-4438-9530-05f1937cdc0d,fe628559-cdb7-4da4-b785-c85f16676395,dafb1357-640b-4992-a412-778ddaf871f8,14bb1237-db23-491f-a16e-a76aeb2dcfb4,a82c895b-46da-4230-9ca7-bbf3918d99df,75ce2f31-04ae-425d-b3f1-2f32e2c51402,27874ca0-9d09-4493-97cb-02710999ac56,0d96be71-3075-49d3-b6a7-3a304739d517,58ae1c80-36ce-4976-9523-fc747a6d4ff2,ee9507b7-0dbf-4d14-b49d-235fc4aa318c,ce98a22e-2ffc-4bae-9062-91975a340c30,a268c323-5776-48c9-be2e-73cb6afa38de,e6573cbb-bb33-408a-a1a5-856591fe1c9e,d95dac6f-2f27-49f2-b202-ace860c3ea5a,7c557516-0e60-4388-9572-9ec84ce8dd93,1068e500-a147-4487-aa88-ce9f6ccbe54c,775efab2-91ce-4de8-be39-e13736a85630,15c321e8-c85c-4392-a8d0-d986cae7ef6e,918c4efb-d5a2-4f0f-9d98-87deb579da2f,awayWin,1-2
89d45c34-5262-49c1-b1da-4587b8713d13,2c371cd2-4244-4910-9c0c-5ba20c935e9a,ddfa347f-f072-4bce-964b-2757f22ea107,4795405d-0401-43d7-a06a-06febc88f8dd,ff2eb1b1-be49-4dab-aefe-24d2943d18b1,463029dd-64fe-431b-ad95-90bad2b4babb,db062cf1-afeb-43c3-ad24-2b71085e0fe8,371a24a9-990a-4cec-9ea3-f914ec3b3999,589ae468-0242-409e-9231-a9de9944896b,5b2b8684-44ee-4d48-8324-0503fd70b669,11c8181b-8bde-4b10-b807-e5ca781cf0ba,c2878d86-f830-413d-83fe-a9c46d8c7c84,e6b321d3-6ea4-400a-9a30-b336d395aa17,7f732a4d-f6a7-469f-96d5-fc0d8e8a7265,3627e2f6-2675-458b-ad0d-2d4ff3da7210,81e5652e-3d2a-4393-bf78-4af6ce17a781,1c0d6173-171c-48a0-8821-be2802c94e64,cb1f2a76-b6e1-455c-9696-ac3d80607ec3,cb83c62d-41c1-4bed-8f0f-1ea9d36880dc,11837ed7-5eef-44ee-a372-8c2c7235e79b,5633e6a8-a584-401f-9338-b3dd53f334fb,2e205f15-e7b3-4c65-b5af-a84fd0fab0ae,2d092d90-a33d-4578-ad75-edd9cfa7bb46,3b6f23df-9990-446a-be08-50c5188428a2,d944fd43-46eb-4fb9-a0fb-211510fa1356,946d52dd-f69b-4803-9729-294939cb96f8,18111097-6bf6-40cd-8e3a-c814c00c6ea8,2ec3d74d-336c-4fdf-ad5d-e2feaccce79c,8d5dfeb4-f637-4554-93af-3007d6a05147,8f5c1e36-763c-44dd-a812-3060599c00ce,draw,2-2
91d79c17-a953-42e6-86f6-498c7ff9a051,f0a92221-59a9-42fe-84c9-9d50c43b46dc,07b0de07-9a1b-4e14-a21a-9cb4e8a11002,a9edd4cc-364c-4390-8d99-5d6ee10ecd25,5755aaed-25c6-4695-a5f1-503d0fcd7ad4,94db0cf5-bf55-4aac-a8c5-1dd7a013a27b,2c903fa9-da32-4813-8736-673331a46a93,4b42cc16-6b77-43bb-82b6-5ab782ab5b93,2c28418b-f2e7-4014-aeae-454d64c7e364,35b1a00a-caea-4759-a614-87e42ed6d868,a9109b94-7a5b-43b6-9096-2b061a6bfc09,13ebb30b-e5bd-4d1b-8202-8c6fe0052675,5e0f30e0-35a2-44bb-8972-b457417b3e1d,28113566-dc5c-4a04-ae77-70bf0f353733,222b6819-1c4b-41fd-8157-c44c48ce169e,7e36e208-aaa3-4479-85c5-e886f9591988,4b91a4a4-b753-4625-8d27-e09ae83103be,696132c9-1f6f-41c2-8caf-c80a4e81ed0f,f7b1ae30-2c3e-4478-8ed7-1f680539d136,fe27cc57-0dd0-4db5-8912-fdcf1defd065,4b42cc16-6b77-43bb-82b6-5ab782ab5b93,e7b59013-370f-4d3f-934c-f1ce0e37f66c,dd527eb6-627a-45c9-ae98-61377e6b1b2f,c4357c50-faff-4db2-9cfa-10d623ab081d,953343b8-e9e7-4c92-b479-8a3b85ed4922,3a2cdb03-0440-45f4-b298-459e70b0b8f2,74fdc492-237e-4a3b-abbb-ae6d768aacec,16f613c4-3205-410e-b53e-db9daefd4b57,67f148e4-c663-40cf-8c14-89781a7987a0,4e4f3524-89e1-4e68-a0a6-2c7d8f33a236,draw,2-2
91d79c17-a953-42e6-86f6-498c7ff9a051,f0a92221-59a9-42fe-84c9-9d50c43b46dc,07b0de07-9a1b-4e14-a21a-9cb4e8a11002,a9edd4cc-364c-4390-8d99-5d6ee10ecd25,5755aaed-25c6-4695-a5f1-503d0fcd7ad4,94db0cf5-bf55-4aac-a8c5-1dd7a013a27b,2c903fa9-da32-4813-8736-673331a46a93,4b42cc16-6b77-43bb-82b6-5ab782ab5b93,2c28418b-f2e7-4014-aeae-454d64c7e364,35b1a00a-caea-4759-a614-87e42ed6d868,a9109b94-7a5b-43b6-9096-2b061a6bfc09,13ebb30b-e5bd-4d1b-8202-8c6fe0052675,5e0f30e0-35a2-44bb-8972-b457417b3e1d,28113566-dc5c-4a04-ae77-70bf0f353733,222b6819-1c4b-41fd-8157-c44c48ce169e,7e36e208-aaa3-4479-85c5-e886f9591988,4b91a4a4-b753-4625-8d27-e09ae83103be,696132c9-1f6f-41c2-8caf-c80a4e81ed0f,f7b1ae30-2c3e-4478-8ed7-1f680539d136,fe27cc57-0dd0-4db5-8912-fdcf1defd065,4b42cc16-6b77-43bb-82b6-5ab782ab5b93,e7b59013-370f-4d3f-934c-f1ce0e37f66c,dd527eb6-627a-45c9-ae98-61377e6b1b2f,c4357c50-faff-4db2-9cfa-10d623ab081d,953343b8-e9e7-4c92-b479-8a3b85ed4922,3a2cdb03-0440-45f4-b298-459e70b0b8f2,74fdc492-237e-4a3b-abbb-ae6d768aacec,16f613c4-3205-410e-b53e-db9daefd4b57,67f148e4-c663-40cf-8c14-89781a7987a0,4e4f3524-89e1-4e68-a0a6-2c7d8f33a236,draw,2-2
3a0259cf-6afc-4bfe-a99f-6fe5435a1a3e,3632c38d-6c5b-456e-a7e8-ccf3a5637f3a,c323327b-8865-44b5-b374-910374089518,6f3cdf62-2fe0-47a7-9a1d-721739ebd3ec,f877311f-e8b1-4202-9962-873b6f914854,cd669e8b-c5ff-4527-89a2-50e976aaa2d5,c67458dc-c14c-4c4f-816e-49a76ebb6d00,260ce816-f162-46f1-92ca-8ab2cb5df050,edf0c164-419d-4c03-89b5-b904448d146f,97b5e858-657f-4a3a-bdd9-937bab225139,9ca7f0da-05c1-4011-a09c-62a4d250f1d9,fad3d9c9-f99e-47b6-bef9-6c87fbf85ce6,9a83b44d-88cb-4676-8522-e7a99d8f4beb,d50c1de2-8acd-431b-a6c1-141deeb51063,d4b77fde-5f7e-440f-8a97-13d40109a337,cf289ec3-1f7a-4edf-88ca-70eefb489121,46dec5e5-2ee1-45ab-bcdf-d92e637e101b,00685d82-1cc2-4ce9-860d-dced23be5e00,6f8bbdf8-6ce0-4f58-8e42-1ac2be852903,12b7192a-df38-45fd-a605-071c1f90f756,82e0de0d-a270-4c83-ba22-d319c15b41ee,ec180878-bc1d-40ed-92b5-fd6feb7778e0,6f2d2623-134e-480e-8c99-c379353a02bc,5f50bec6-34b5-4b5e-9444-44197f55d329,bf947963-5acf-4e0c-8991-adc514932b32,df850d73-a9a8-4168-8357-b7cb2a7a6312,f91adfd1-e838-4c12-8464-e8a4ef33ecbe,06cacf3e-7b0d-4a5c-bf0a-93b91205b9c0,849e13d9-47a2-4074-ad18-16f712ad9f4b,82acf3f2-1cb9-4f7f-a4a7-de50bd7a39fb,homeWin,1-0
fcedf4aa-18d8-4d21-a246-425d4d2d7a0c,897e9f36-6cba-481e-97ba-e31242e2906f,0a99d1ab-8e8d-4527-83e9-6589c17d4f9d,2d8d9dbb-5f90-4774-8302-d3673c63f1f5,574b6cd9-dabb-4a5a-85ac-486c61c66027,3bd36098-e917-4217-8345-14ff6e964e84,93333a7f-609c-462c-9f48-a15e25424047,2ea4697d-efe2-42d3-9286-8577f989baae,d98b0deb-c2b5-44ce-aef5-f8e1b0d4aecb,3a5cd059-a5f1-477d-b0d6-ffa418c10be9,3638f367-0ef0-4efc-8c31-a65ab1f3b7a9,6b0eb23a-01f9-43c4-a29e-1477089c6e5d,22aca401-07da-46bf-b717-bb6664ebeb96,4ae5b3ba-996e-4cfd-bd3e-11918aab7df9,7a3afe61-2228-4d2c-92ea-9589c6b86c28,f4f08982-6264-4ee8-abed-7a7de531387c,14e3d16b-e884-48ec-96ad-af8cf482a05c,d23431be-6e4f-4f2c-a906-19a05561e8e0,f3bc94b0-54a3-494b-bdeb-8d55ba722cd2,6c9f33e5-dd45-44f7-8877-e68b7313791e,3b122d83-7eee-4892-9dd7-517a3bc13e8d,a78068dd-298e-4630-a040-ce36b622b467,0e32b32c-0d2b-4693-8766-bd87953cbd54,60c0673d-0487-48d0-b2c3-bf23abd55778,7af06a48-cae7-439a-aba1-18b9c25efce5,40d87854-bf93-4d71-92c8-76ee939b297d,45a29d0a-a3c2-4a01-8fb3-9f00259b0ee7,0072b293-bc1d-4679-a59f-6df2d2e41e55,13005ff5-065e-4715-a544-6880d800f873,5687d5bf-6fd9-4a54-a18e-1f7a4704e1d4,awayWin,1-2
6573e03b-9e85-4506-82d0-c3d6be82be48,fac85871-4daf-422f-ad55-e8b00d9141d3,dd58767c-c0ed-4394-a096-452587490dd9,47d65ed7-64a7-4205-8223-c16e3db52b65,75b87260-1a60-416b-91ae-55c8b417c4a5,efc769dd-f870-468c-89a3-66eeb584046d,7756b624-b9f1-471f-8c64-812326c467d8,a4db5ec5-d95e-4ec8-8512-c9cbdd408853,e5f0396c-2c25-43c8-9fe7-2179b0543c26,a914c4b7-7663-41c8-8dc4-0cde883cad1e,4261acdf-51cb-47e0-8150-92f9207d5242,6184e577-c5cb-4cc3-a483-c766fa6deae1,c6888416-b6a1-4200-8d9c-08356fecbcc6,6c11cdfc-f152-4974-ac02-b8e5d10a6b36,fc240611-89f2-426e-901e-ef0a2d9582a5,d286c0bf-6534-4fcf-b60a-b97a91d97b72,a162ba9f-53d0-4f7a-a48e-f4e73d5f60f8,10d9969d-4baf-4c46-b828-b6ba05f92cc3,1003f1d0-e38e-4904-b16b-bcbfd85d2f1d,95318d9a-57fd-4edd-a279-d7a0f53b5b57,6bd9d5a3-c1d8-4544-b403-a2920008f7b3,dbd2a0f3-9a91-49b3-999b-c6d5e50a37cd,f0440f5d-2f17-4baa-9569-fbb7f2e24400,5fd5996f-9409-4a19-b858-0c3f1af8b34b,a7967765-365d-4094-8468-fbf1de74efa8,99852fae-e5b3-4f9b-abba-631cae73572a,dd270eb1-d475-4797-af29-e06d80e18fde,43750c11-945a-4c28-9761-29d6074300da,d62a3ff7-2a52-4668-9ba2-fa6b56b54701,a36698f2-e917-4188-bf81-107582b7af70,homeWin,4-0
261ffc21-cf8a-48da-a43e-23c9b6df1e4d,3f38dc4a-9cf0-4b13-9ba0-023c4473e9eb,7492c5ec-afd7-481b-9304-5d3e0906a939,87ed1982-fac0-46f8-ae61-82fb218431c3,61f40642-5dd1-420b-b4fa-1cf6c6c14866,6469d194-c0a1-43ed-95d0-af8cbc3b199a,cef25ffa-2746-4914-b9f8-e3b1598d8b2e,c21b19ad-5de2-4944-a9b5-addc8f8ab997,9d17918a-e3fd-4fc6-b2bb-3666bfc93f87,faea4599-b789-43a2-94ff-68e9c747cf0b,74cad168-9357-4587-bbfb-5f535a3a0f6f,3c9536e2-4742-4125-ae45-8660d511fde5,b92bc987-68bc-4075-b713-dd7f8baa87ed,ec548a04-35ab-4d12-a9d5-8c2fab3e562b,d3720576-2538-4c02-afdc-7e7344530a05,3a0259cf-6afc-4bfe-a99f-6fe5435a1a3e,3632c38d-6c5b-456e-a7e8-ccf3a5637f3a,c323327b-8865-44b5-b374-910374089518,6f3cdf62-2fe0-47a7-9a1d-721739ebd3ec,f877311f-e8b1-4202-9962-873b6f914854,cd669e8b-c5ff-4527-89a2-50e976aaa2d5,c67458dc-c14c-4c4f-816e-49a76ebb6d00,edf0c164-419d-4c03-89b5-b904448d146f,97b5e858-657f-4a3a-bdd9-937bab225139,d50c1de2-8acd-431b-a6c1-141deeb51063,9ca7f0da-05c1-4011-a09c-62a4d250f1d9,fad3d9c9-f99e-47b6-bef9-6c87fbf85ce6,9a83b44d-88cb-4676-8522-e7a99d8f4beb,b0bbc3aa-cf1f-48f1-9d87-4cb7ace8d9a2,503cf371-9338-4983-91ee-1bcccd03ffad,homeWin,1-0
f4f08982-6264-4ee8-abed-7a7de531387c,14e3d16b-e884-48ec-96ad-af8cf482a05c,d23431be-6e4f-4f2c-a906-19a05561e8e0,f3bc94b0-54a3-494b-bdeb-8d55ba722cd2,6c9f33e5-dd45-44f7-8877-e68b7313791e,3b122d83-7eee-4892-9dd7-517a3bc13e8d,a78068dd-298e-4630-a040-ce36b622b467,0e32b32c-0d2b-4693-8766-bd87953cbd54,60c0673d-0487-48d0-b2c3-bf23abd55778,13005ff5-065e-4715-a544-6880d800f873,45a29d0a-a3c2-4a01-8fb3-9f00259b0ee7,40d87854-bf93-4d71-92c8-76ee939b297d,f43f2c7a-18dc-468b-babe-ecb98f08809d,7af06a48-cae7-439a-aba1-18b9c25efce5,d335ebc7-da02-44c7-b3e9-89e65d2246c0,4b7a5d6d-798a-4c8c-afbf-ad17744e2ae5,5946660f-7082-448f-963d-9c486fd41e90,ce98a22e-2ffc-4bae-9062-91975a340c30,65748b77-ff58-448a-b782-d7c20098fa8a,9e3543ba-3df8-4f9d-a570-502044f0342e,d259d569-120e-4cf5-a107-7f84aaf11b33,03ef219d-a797-4831-af03-ccd852cfa42a,ec14a9e1-c66b-4da1-a0d0-5918f515c85d,8fec954f-64ee-4687-a175-84cd1d2f1487,373dd18f-cb58-4f93-941c-4c7a1d3aae66,420c3a13-2852-4b68-8885-c766ac240613,a5441dc5-ab6a-4a5b-aa06-d13b658e97e4,7fd49637-dad2-4743-abaa-4bd610f8a8a0,9a702680-8c74-4802-b947-c3c2053ac52c,7f7c24ff-077c-44f2-92f4-b6e8b28b8f46,homeWin,1-0
fab9af29-a8c7-4473-b237-80314ac6bc25,cc8cd6f8-a07d-4ee2-962f-16958648eb6d,a008eec2-b9a3-4074-a37c-8c6864b22400,138c9eab-769c-436d-9b0f-43bfa0969a45,ee969cdc-05db-4c79-84be-76b69aa8cbd2,32a2060c-c4f0-4b77-955c-f0b8befc6206,fe71bb6b-af93-41a9-aedc-709ba855ace7,692765c2-9980-4e9d-9bc7-61761fb683e6,e9bb74dd-f989-4890-9ec4-9c1084383def,0e44523a-be15-45de-a571-29919a7b39c6,7784bad1-3280-4e9b-95a9-7ad19b89c03d,26a84281-0e22-46b3-9677-670d659ef3df,b93cce25-a43d-4d9d-af4e-589183dcebaf,c4d29ad8-69cd-4ccb-8a26-a77a4d7ace83,464aac5d-8fa2-4c5e-bbee-613e21ba7b47,89d45c34-5262-49c1-b1da-4587b8713d13,2c371cd2-4244-4910-9c0c-5ba20c935e9a,9010d82c-20de-4ea4-afc6-accb156b311b,ddfa347f-f072-4bce-964b-2757f22ea107,ff2eb1b1-be49-4dab-aefe-24d2943d18b1,463029dd-64fe-431b-ad95-90bad2b4babb,db062cf1-afeb-43c3-ad24-2b71085e0fe8,a05c0296-ea7e-43c6-b1d4-5e3cfb9ffd40,589ae468-0242-409e-9231-a9de9944896b,5b2b8684-44ee-4d48-8324-0503fd70b669,9ce66be8-88b1-45e5-aa1d-9cbf889ddd35,c2878d86-f830-413d-83fe-a9c46d8c7c84,e6b321d3-6ea4-400a-9a30-b336d395aa17,3627e2f6-2675-458b-ad0d-2d4ff3da7210,e2294b9a-8b4b-4bca-8331-88eddc7b2590,homeWin,2-0
f4f08982-6264-4ee8-abed-7a7de531387c,14e3d16b-e884-48ec-96ad-af8cf482a05c,d23431be-6e4f-4f2c-a906-19a05561e8e0,f3bc94b0-54a3-494b-bdeb-8d55ba722cd2,6c9f33e5-dd45-44f7-8877-e68b7313791e,3b122d83-7eee-4892-9dd7-517a3bc13e8d,a78068dd-298e-4630-a040-ce36b622b467,0e32b32c-0d2b-4693-8766-bd87953cbd54,60c0673d-0487-48d0-b2c3-bf23abd55778,13005ff5-065e-4715-a544-6880d800f873,45a29d0a-a3c2-4a01-8fb3-9f00259b0ee7,40d87854-bf93-4d71-92c8-76ee939b297d,f43f2c7a-18dc-468b-babe-ecb98f08809d,7af06a48-cae7-439a-aba1-18b9c25efce5,d335ebc7-da02-44c7-b3e9-89e65d2246c0,4b7a5d6d-798a-4c8c-afbf-ad17744e2ae5,5946660f-7082-448f-963d-9c486fd41e90,ce98a22e-2ffc-4bae-9062-91975a340c30,65748b77-ff58-448a-b782-d7c20098fa8a,9e3543ba-3df8-4f9d-a570-502044f0342e,d259d569-120e-4cf5-a107-7f84aaf11b33,03ef219d-a797-4831-af03-ccd852cfa42a,ec14a9e1-c66b-4da1-a0d0-5918f515c85d,8fec954f-64ee-4687-a175-84cd1d2f1487,373dd18f-cb58-4f93-941c-4c7a1d3aae66,420c3a13-2852-4b68-8885-c766ac240613,a5441dc5-ab6a-4a5b-aa06-d13b658e97e4,7fd49637-dad2-4743-abaa-4bd610f8a8a0,9a702680-8c74-4802-b947-c3c2053ac52c,7f7c24ff-077c-44f2-92f4-b6e8b28b8f46,homeWin,1-0
fab9af29-a8c7-4473-b237-80314ac6bc25,cc8cd6f8-a07d-4ee2-962f-16958648eb6d,a008eec2-b9a3-4074-a37c-8c6864b22400,138c9eab-769c-436d-9b0f-43bfa0969a45,ee969cdc-05db-4c79-84be-76b69aa8cbd2,32a2060c-c4f0-4b77-955c-f0b8befc6206,fe71bb6b-af93-41a9-aedc-709ba855ace7,692765c2-9980-4e9d-9bc7-61761fb683e6,e9bb74dd-f989-4890-9ec4-9c1084383def,0e44523a-be15-45de-a571-29919a7b39c6,7784bad1-3280-4e9b-95a9-7ad19b89c03d,26a84281-0e22-46b3-9677-670d659ef3df,b93cce25-a43d-4d9d-af4e-589183dcebaf,c4d29ad8-69cd-4ccb-8a26-a77a4d7ace83,464aac5d-8fa2-4c5e-bbee-613e21ba7b47,89d45c34-5262-49c1-b1da-4587b8713d13,2c371cd2-4244-4910-9c0c-5ba20c935e9a,9010d82c-20de-4ea4-afc6-accb156b311b,ddfa347f-f072-4bce-964b-2757f22ea107,ff2eb1b1-be49-4dab-aefe-24d2943d18b1,463029dd-64fe-431b-ad95-90bad2b4babb,db062cf1-afeb-43c3-ad24-2b71085e0fe8,a05c0296-ea7e-43c6-b1d4-5e3cfb9ffd40,589ae468-0242-409e-9231-a9de9944896b,5b2b8684-44ee-4d48-8324-0503fd70b669,9ce66be8-88b1-45e5-aa1d-9cbf889ddd35,c2878d86-f830-413d-83fe-a9c46d8c7c84,e6b321d3-6ea4-400a-9a30-b336d395aa17,3627e2f6-2675-458b-ad0d-2d4ff3da7210,e2294b9a-8b4b-4bca-8331-88eddc7b2590,homeWin,2-0
38b59015-90a6-4762-829a-d8470a2c80d3,3590a7f5-ae32-4082-99b6-757f41a506ce,e30979b5-baa2-478f-8379-458c6c51581f,33127f75-1090-44a3-92ae-5acb05b66622,435d8603-7d73-4fb4-84ec-7c02f11079bd,3209c5dc-1732-4997-af2a-42fe7b02af45,c2aebd35-73fd-4019-8c76-0c9806ebff93,74f27074-142b-41f3-b494-d3ea0b062e8f,c998f9c1-3b42-4d32-bd30-d361f8402a0c,f37a032b-f8fd-4ab1-811d-e4e204a4b889,30dfcf85-0c59-4e36-8b7e-343f61a66067,61b2d38f-44a9-4728-b237-f436d62be2a2,42b8e1d6-643a-47ff-8c9d-9d4e484fdd03,ad0e8e55-3d46-4fed-94f1-6e1595403957,a589c601-e318-49fa-9308-0d006f1af853,8c2ae545-a23f-4cdf-94a9-a52367601bcf,f3144a24-b45b-4f42-b5a8-56b4b9a305bf,94a299dc-7a5f-4c20-8f8e-4f0895fe8410,45fc89d1-bfff-43a0-9a4f-58257be9cc90,19394a11-ee35-4e44-b431-7ba2f8706d5e,db062cf1-afeb-43c3-ad24-2b71085e0fe8,1144f9b0-93fd-4f91-85a7-4bd658e58fc0,c323327b-8865-44b5-b374-910374089518,a3f2e623-944f-48df-8e1e-f8664f42a42c,471fdc43-85ca-48f3-a63f-cef7995025b4,ab026022-5848-4266-9c9d-93ceb94f9174,16bb3ea9-0bc9-455c-8513-7441a3a9ebb7,868959b8-9f30-4ca8-9352-9c8205501fde,93f3572c-feee-4363-98f9-0bd651fc91bd,f3bfbec0-14dc-4330-803f-58179be96c44,awayWin,0-1
7e36e208-aaa3-4479-85c5-e886f9591988,4b91a4a4-b753-4625-8d27-e09ae83103be,696132c9-1f6f-41c2-8caf-c80a4e81ed0f,f7b1ae30-2c3e-4478-8ed7-1f680539d136,fe27cc57-0dd0-4db5-8912-fdcf1defd065,2546c63f-4092-4158-821f-e84fd2438b15,b86b0273-e0f4-429f-9d38-eb9ac3d25b72,c4357c50-faff-4db2-9cfa-10d623ab081d,e7b59013-370f-4d3f-934c-f1ce0e37f66c,953343b8-e9e7-4c92-b479-8a3b85ed4922,3a2cdb03-0440-45f4-b298-459e70b0b8f2,74fdc492-237e-4a3b-abbb-ae6d768aacec,516a4569-7402-4433-bac8-4edf78d76f08,67f148e4-c663-40cf-8c14-89781a7987a0,d297d615-2efe-4fae-ace2-7cdc7e3e4558,7c877d8e-e911-4bec-b25b-38cb0d3125aa,6b6eb79e-0b35-41a4-b330-f64bbf94459f,cdd44a57-2a8a-4520-a377-8bbbe90dcf72,94a11ce9-2275-46b3-8f9c-17325dea2ce6,5b1c21c5-b786-43ff-b5fa-2ef87900f3eb,0977b875-b240-45c5-9b5d-a26608636311,9bc73ba2-01e3-4b8e-9414-d31760ac757e,ee4a8da4-849a-4843-9a9c-81a49336f933,0c7a6a7e-9e35-4692-ad6b-b05b20357e07,322776d9-60cc-4036-8720-bcee021a5d0f,2c020e3d-8b55-4749-88a4-573e21eba931,3e1a9e0a-b52a-4438-9530-05f1937cdc0d,7f979b13-7c1a-4e4d-acd3-f43470279389,fe628559-cdb7-4da4-b785-c85f16676395,14bb1237-db23-491f-a16e-a76aeb2dcfb4,homeWin,5-0
7e36e208-aaa3-4479-85c5-e886f9591988,4b91a4a4-b753-4625-8d27-e09ae83103be,696132c9-1f6f-41c2-8caf-c80a4e81ed0f,f7b1ae30-2c3e-4478-8ed7-1f680539d136,fe27cc57-0dd0-4db5-8912-fdcf1defd065,2546c63f-4092-4158-821f-e84fd2438b15,b86b0273-e0f4-429f-9d38-eb9ac3d25b72,c4357c50-faff-4db2-9cfa-10d623ab081d,e7b59013-370f-4d3f-934c-f1ce0e37f66c,953343b8-e9e7-4c92-b479-8a3b85ed4922,3a2cdb03-0440-45f4-b298-459e70b0b8f2,74fdc492-237e-4a3b-abbb-ae6d768aacec,516a4569-7402-4433-bac8-4edf78d76f08,67f148e4-c663-40cf-8c14-89781a7987a0,d297d615-2efe-4fae-ace2-7cdc7e3e4558,7c877d8e-e911-4bec-b25b-38cb0d3125aa,6b6eb79e-0b35-41a4-b330-f64bbf94459f,cdd44a57-2a8a-4520-a377-8bbbe90dcf72,94a11ce9-2275-46b3-8f9c-17325dea2ce6,5b1c21c5-b786-43ff-b5fa-2ef87900f3eb,0977b875-b240-45c5-9b5d-a26608636311,9bc73ba2-01e3-4b8e-9414-d31760ac757e,ee4a8da4-849a-4843-9a9c-81a49336f933,0c7a6a7e-9e35-4692-ad6b-b05b20357e07,322776d9-60cc-4036-8720-bcee021a5d0f,2c020e3d-8b55-4749-88a4-573e21eba931,3e1a9e0a-b52a-4438-9530-05f1937cdc0d,7f979b13-7c1a-4e4d-acd3-f43470279389,fe628559-cdb7-4da4-b785-c85f16676395,14bb1237-db23-491f-a16e-a76aeb2dcfb4,homeWin,5-0
b9575882-eceb-44d0-95cb-63d07d89aa16,fef93412-e52f-4ff7-82f3-584b1a2dcb08,d54d35d1-583d-4bda-b125-789bbc3e9c08,35f9d71b-d618-4932-b7bf-921a10df736f,0d44c3d1-5319-4c99-b05e-9112c0fd5edc,34fc9a72-0c25-47f7-b673-34e9557cd1ea,1f8168fa-94a7-4ad7-a8ff-fc84d99fc877,d97f3510-6049-46c7-a1c6-2d2d40ea9073,b72b8151-e47e-4cda-acfe-0ba8a16d73a7,825d72bd-440e-4712-8d29-12e84e597984,f3fb01d4-30cd-4453-874b-68f31dffb49e,8e0aae7a-4e70-4820-a04d-2ec1065a6978,e0a157b1-e798-4f6c-8950-6ebcb1d6ea16,1959e6ee-9961-4ce4-b912-b1cf695b76d0,b8cefd74-4cdc-4f83-9975-b60cddce817e,3b637be5-b0b0-49f5-b4e9-b2ff76549707,b0d48bed-482d-4ff9-afcf-0954d5b6ea04,f49c428c-62e1-4bf2-9875-7ed6ba6ec8b6,b2a93f23-4d3a-48b7-97d6-c09aed2e253f,3e065c0c-7fce-412e-a486-c4970b272bef,d66896f6-3652-4227-9e8d-6910f4e59e2f,0548898a-dd95-4061-8d30-2515c6149768,0628ba8a-1d02-4899-828f-2d959db2aedd,161b9e1d-eb0b-4ab7-a296-71d09164124f,27c854ce-2eab-4d93-baaf-63179415443d,0090c958-3edd-4651-9c6a-d3623506bd78,69442a9b-007b-4cb1-af4c-37d937f293a2,61ab0563-fc4a-453c-8b22-7195154b100b,b0e4cd84-93cf-4961-8bfc-26817d367c0b,a0eb40fa-64fe-4d8f-ad8c-b4392256af44,homeWin,2-1
a82c895b-46da-4230-9ca7-bbf3918d99df,75ce2f31-04ae-425d-b3f1-2f32e2c51402,27874ca0-9d09-4493-97cb-02710999ac56,0d96be71-3075-49d3-b6a7-3a304739d517,7ce73172-fcef-4120-a390-296d7d9fcaec,ee9507b7-0dbf-4d14-b49d-235fc4aa318c,ce98a22e-2ffc-4bae-9062-91975a340c30,447be0cf-7193-4494-9430-b83ee5214bd2,e6573cbb-bb33-408a-a1a5-856591fe1c9e,d95dac6f-2f27-49f2-b202-ace860c3ea5a,7c557516-0e60-4388-9572-9ec84ce8dd93,1068e500-a147-4487-aa88-ce9f6ccbe54c,918c4efb-d5a2-4f0f-9d98-87deb579da2f,a268c323-5776-48c9-be2e-73cb6afa38de,15c321e8-c85c-4392-a8d0-d986cae7ef6e,fcedf4aa-18d8-4d21-a246-425d4d2d7a0c,897e9f36-6cba-481e-97ba-e31242e2906f,0a99d1ab-8e8d-4527-83e9-6589c17d4f9d,3bd36098-e917-4217-8345-14ff6e964e84,574b6cd9-dabb-4a5a-85ac-486c61c66027,7a3afe61-2228-4d2c-92ea-9589c6b86c28,3a5cd059-a5f1-477d-b0d6-ffa418c10be9,2ea4697d-efe2-42d3-9286-8577f989baae,93333a7f-609c-462c-9f48-a15e25424047,3638f367-0ef0-4efc-8c31-a65ab1f3b7a9,76118642-e56a-4c64-92f9-fe1ab5dc07a0,f2d27328-ed60-49d8-b484-d32cdf93ac92,2d8d9dbb-5f90-4774-8302-d3673c63f1f5,6b0eb23a-01f9-43c4-a29e-1477089c6e5d,d98b0deb-c2b5-44ce-aef5-f8e1b0d4aecb,homeWin,2-0
3effb6f4-e643-4a23-874a-8cbef1adfc7c,e33bea12-ef36-485c-ac73-db635854b5fb,2a47e1a6-af84-4169-8e22-0eb2d8617d12,be3511fc-bc84-43e4-be2d-f457a3d46cc7,049050a5-8280-401b-80e4-8357e36b8f22,87e478d1-e457-415d-9188-e6d181dafad8,06593de8-8bbd-479f-8590-e6632e2126dd,6abe528c-bc98-4c57-8e9c-217335d169b7,111d35c1-1228-4af1-b6f2-822b470c134c,3d99a74f-81e5-400b-b26e-aed111eab839,9f365700-264b-4825-a904-b10e370a6fc0,1ee0bc44-d7ed-45d2-aa1d-1d1545a0f287,4d074cdc-19a0-43cb-9e56-ab39aa56a51a,d5f1e9a6-ef22-416d-a14b-0e8c57cf029a,c6afe2a0-a39b-4af2-8fff-f9fd29bc6cf5,91d79c17-a953-42e6-86f6-498c7ff9a051,f0a92221-59a9-42fe-84c9-9d50c43b46dc,07b0de07-9a1b-4e14-a21a-9cb4e8a11002,fed60ff8-a418-47dd-96c0-8f116b61a6f0,13ebb30b-e5bd-4d1b-8202-8c6fe0052675,94db0cf5-bf55-4aac-a8c5-1dd7a013a27b,581c0965-d3fa-4856-8953-6dbdd4bae9c7,2c903fa9-da32-4813-8736-673331a46a93,a9109b94-7a5b-43b6-9096-2b061a6bfc09,d4a6749b-5813-4a6d-a0c3-d9473c778772,35b1a00a-caea-4759-a614-87e42ed6d868,5e0f30e0-35a2-44bb-8972-b457417b3e1d,5755aaed-25c6-4695-a5f1-503d0fcd7ad4,222b6819-1c4b-41fd-8157-c44c48ce169e,28113566-dc5c-4a04-ae77-70bf0f353733,homeWin,2-0
3effb6f4-e643-4a23-874a-8cbef1adfc7c,e33bea12-ef36-485c-ac73-db635854b5fb,2a47e1a6-af84-4169-8e22-0eb2d8617d12,be3511fc-bc84-43e4-be2d-f457a3d46cc7,049050a5-8280-401b-80e4-8357e36b8f22,87e478d1-e457-415d-9188-e6d181dafad8,06593de8-8bbd-479f-8590-e6632e2126dd,6abe528c-bc98-4c57-8e9c-217335d169b7,111d35c1-1228-4af1-b6f2-822b470c134c,3d99a74f-81e5-400b-b26e-aed111eab839,9f365700-264b-4825-a904-b10e370a6fc0,1ee0bc44-d7ed-45d2-aa1d-1d1545a0f287,4d074cdc-19a0-43cb-9e56-ab39aa56a51a,d5f1e9a6-ef22-416d-a14b-0e8c57cf029a,c6afe2a0-a39b-4af2-8fff-f9fd29bc6cf5,91d79c17-a953-42e6-86f6-498c7ff9a051,f0a92221-59a9-42fe-84c9-9d50c43b46dc,07b0de07-9a1b-4e14-a21a-9cb4e8a11002,fed60ff8-a418-47dd-96c0-8f116b61a6f0,13ebb30b-e5bd-4d1b-8202-8c6fe0052675,94db0cf5-bf55-4aac-a8c5-1dd7a013a27b,581c0965-d3fa-4856-8953-6dbdd4bae9c7,2c903fa9-da32-4813-8736-673331a46a93,a9109b94-7a5b-43b6-9096-2b061a6bfc09,d4a6749b-5813-4a6d-a0c3-d9473c778772,35b1a00a-caea-4759-a614-87e42ed6d868,5e0f30e0-35a2-44bb-8972-b457417b3e1d,5755aaed-25c6-4695-a5f1-503d0fcd7ad4,222b6819-1c4b-41fd-8157-c44c48ce169e,28113566-dc5c-4a04-ae77-70bf0f353733,homeWin,2-0
a3aa3eb1-3962-4641-a53f-c337054c0841,a070685b-b38f-4e72-8ba5-895828e77abf,5e34f52a-f2ca-4cdd-aa34-1f9a377e5263,c89711d2-783a-45d4-918b-de1250f32f13,96c730a1-9cb9-4a79-84b9-b76f9de44fa9,18fcf45b-2ab6-4294-89e6-bbfadf8acec3,1e97c9e7-4696-45af-abf6-fad3b046df7b,8da79da1-ccc0-4282-a291-3a78e025d78a,e934a3bd-1ffd-4ae6-9278-3acfa42b199a,fefaaaf4-6fbe-4606-9f94-421cefe808fe,282a3ce3-7903-4377-b620-439bdc111ce8,fbafacac-ccc7-4f6e-97a3-2a4ec8be2362,3d64b21e-79a3-4b44-bbb3-7b5c7a5ca77c,97f72154-4ea0-450d-8876-782bf84b5526,dd96e9c4-5937-4e8a-ba35-62377fde02bb,9913dd4b-9332-4465-8c80-11b734250046,7f0946e6-cf47-4278-b777-c11f9e485322,340f07fa-b5e8-4fd0-9fca-60b2f7304123,3fe21acc-bed2-477b-be2c-ee9db9b624ad,fbc5f164-e12a-495e-aff0-1bba1d27abfb,47545df5-5d29-439a-98fd-bf3f471a9129,9abf8b0c-a741-48d2-88aa-cea18fc4b823,01eac7ec-c121-4a58-a0c9-d810fad1bff8,649da738-bac2-4798-ac71-6ebc3c7a8559,4e32a279-679f-4a1e-85f8-c62b267ba526,7465d9b1-e46f-4427-b49e-a7da2aba20e2,1157d73d-6c06-4eef-a5f9-e6a77b0d58cb,0477dc76-a32d-4bbd-b19b-104caee316f4,2e858874-f3b8-4246-8415-fca913cfa57a,5af4483b-28dd-4109-88e8-bd364cf2ca81,homeWin,2-1
a3aa3eb1-3962-4641-a53f-c337054c0841,a070685b-b38f-4e72-8ba5-895828e77abf,5e34f52a-f2ca-4cdd-aa34-1f9a377e5263,c89711d2-783a-45d4-918b-de1250f32f13,96c730a1-9cb9-4a79-84b9-b76f9de44fa9,18fcf45b-2ab6-4294-89e6-bbfadf8acec3,1e97c9e7-4696-45af-abf6-fad3b046df7b,8da79da1-ccc0-4282-a291-3a78e025d78a,e934a3bd-1ffd-4ae6-9278-3acfa42b199a,fefaaaf4-6fbe-4606-9f94-421cefe808fe,282a3ce3-7903-4377-b620-439bdc111ce8,fbafacac-ccc7-4f6e-97a3-2a4ec8be2362,3d64b21e-79a3-4b44-bbb3-7b5c7a5ca77c,97f72154-4ea0-450d-8876-782bf84b5526,dd96e9c4-5937-4e8a-ba35-62377fde02bb,9913dd4b-9332-4465-8c80-11b734250046,7f0946e6-cf47-4278-b777-c11f9e485322,340f07fa-b5e8-4fd0-9fca-60b2f7304123,3fe21acc-bed2-477b-be2c-ee9db9b624ad,fbc5f164-e12a-495e-aff0-1bba1d27abfb,47545df5-5d29-439a-98fd-bf3f471a9129,9abf8b0c-a741-48d2-88aa-cea18fc4b823,01eac7ec-c121-4a58-a0c9-d810fad1bff8,649da738-bac2-4798-ac71-6ebc3c7a8559,4e32a279-679f-4a1e-85f8-c62b267ba526,7465d9b1-e46f-4427-b49e-a7da2aba20e2,1157d73d-6c06-4eef-a5f9-e6a77b0d58cb,0477dc76-a32d-4bbd-b19b-104caee316f4,2e858874-f3b8-4246-8415-fca913cfa57a,5af4483b-28dd-4109-88e8-bd364cf2ca81,homeWin,2-1
81e5652e-3d2a-4393-bf78-4af6ce17a781,1c0d6173-171c-48a0-8821-be2802c94e64,5813aeb1-a0fd-4bf2-b08d-b27d5f1d3d93,cb1f2a76-b6e1-455c-9696-ac3d80607ec3,11837ed7-5eef-44ee-a372-8c2c7235e79b,5633e6a8-a584-401f-9338-b3dd53f334fb,2e205f15-e7b3-4c65-b5af-a84fd0fab0ae,3b6f23df-9990-446a-be08-50c5188428a2,4d7b21a1-998f-4ad9-b8bb-e06ff43f92b2,d944fd43-46eb-4fb9-a0fb-211510fa1356,946d52dd-f69b-4803-9729-294939cb96f8,18111097-6bf6-40cd-8e3a-c814c00c6ea8,9648aa3c-cbde-4a67-925c-1760de1f5b23,2ec3d74d-336c-4fdf-ad5d-e2feaccce79c,64fdf71e-8db3-47ef-9bce-77f764a08ce3,a50d4950-758b-4ded-8f7f-f76969b36b95,35b121ee-41ea-448b-bb15-cc5aec5df8cc,b5d6c116-6f3a-4cde-a058-14efb0110392,4bb2cea3-1af3-4eed-880d-ffb0b613c507,1e205043-ea2c-4ad0-b3cc-07c4f3bc29e0,fb2276fb-54fc-45fb-888f-1a00d28ee126,f7aac008-221a-4e3b-a86f-72e74747244e,9ba25768-d067-4ad3-8ac8-aca259946ebf,f0f25b37-776c-48dc-8234-cdf0c79ff18e,a2551eb1-eafc-4451-a35d-ab6a73d12bd2,19f4d537-427a-4ae4-adf6-b2885ba9e62a,53df9637-5b69-435c-8514-5bf4864d18f0,6fad7ce3-d90c-43ff-ad06-2a692adc53d3,c2dacb13-cf9d-4aec-ac0c-de5c31d33b90,e46b8a92-16be-4831-bd41-1e279051d674,draw,1-1
81e5652e-3d2a-4393-bf78-4af6ce17a781,1c0d6173-171c-48a0-8821-be2802c94e64,5813aeb1-a0fd-4bf2-b08d-b27d5f1d3d93,cb1f2a76-b6e1-455c-9696-ac3d80607ec3,11837ed7-5eef-44ee-a372-8c2c7235e79b,5633e6a8-a584-401f-9338-b3dd53f334fb,2e205f15-e7b3-4c65-b5af-a84fd0fab0ae,3b6f23df-9990-446a-be08-50c5188428a2,4d7b21a1-998f-4ad9-b8bb-e06ff43f92b2,d944fd43-46eb-4fb9-a0fb-211510fa1356,946d52dd-f69b-4803-9729-294939cb96f8,18111097-6bf6-40cd-8e3a-c814c00c6ea8,9648aa3c-cbde-4a67-925c-1760de1f5b23,2ec3d74d-336c-4fdf-ad5d-e2feaccce79c,64fdf71e-8db3-47ef-9bce-77f764a08ce3,a50d4950-758b-4ded-8f7f-f76969b36b95,35b121ee-41ea-448b-bb15-cc5aec5df8cc,b5d6c116-6f3a-4cde-a058-14efb0110392,4bb2cea3-1af3-4eed-880d-ffb0b613c507,1e205043-ea2c-4ad0-b3cc-07c4f3bc29e0,fb2276fb-54fc-45fb-888f-1a00d28ee126,f7aac008-221a-4e3b-a86f-72e74747244e,9ba25768-d067-4ad3-8ac8-aca259946ebf,f0f25b37-776c-48dc-8234-cdf0c79ff18e,a2551eb1-eafc-4451-a35d-ab6a73d12bd2,19f4d537-427a-4ae4-adf6-b2885ba9e62a,53df9637-5b69-435c-8514-5bf4864d18f0,6fad7ce3-d90c-43ff-ad06-2a692adc53d3,c2dacb13-cf9d-4aec-ac0c-de5c31d33b90,e46b8a92-16be-4831-bd41-1e279051d674,draw,1-1
12566dfe-5818-44a3-868b-14e6ab6c87e5,98f532d8-8512-44b7-b200-3a655b796c78,8cefb673-e564-4faa-ac0a-df5103880124,00220be9-2c18-4113-9b5d-fc8ea4c64bc3,209f5539-e6e4-4c2f-95bc-3ee4ba8fd138,7e2e655f-249f-4c29-ab7e-b82fd8c5d313,8ebcea9c-62a8-4a11-bf0b-6cc9527f2eaa,161b9e1d-eb0b-4ab7-a296-71d09164124f,839a7a51-5934-4b40-b273-c1cab15f9634,08ca6371-9fa7-4c07-b5ad-d6edc2ed7550,4c2c6d31-f85f-4df1-9983-249e401d6b5c,37875f23-d365-4881-8b53-b8f3f61e1f1d,08ab54a8-a2ef-4740-9a41-43f3b45bc1d3,850b63ed-5b62-4189-880f-2e5b95f496a1,51054b71-f1a9-4397-ba0c-295a1287c32a,bbe21408-c73e-432f-bcd3-5bad98ba1575,2edaf97b-2b2f-4ad4-9264-be8926279088,59df29de-d8ec-4bfc-b2ed-623d6e81c74a,75e535a7-f0e7-40b0-82ba-ce9571b78b56,293d1bad-e4b8-470c-90be-20a58c3c5737,0977b875-b240-45c5-9b5d-a26608636311,64dc86ea-f0fc-4b63-a355-c86ce4ea61a0,c88757fa-cb9f-413e-bdef-4c06023891c9,31aa2d9f-b3e7-499f-b9ba-f2c93b83c880,bd55075d-28c7-4a7c-aaf7-daf15aea7e2e,022e8ca9-e697-4ff4-90b0-037b08dd61a1,94e86fbf-0f28-4a59-b330-5f2ecb4201a6,1f62c0e4-8028-4d85-9481-c54755b93aa1,2d97e142-4329-4fce-a885-efd23e678b43,3b88ece8-1796-4f49-80d1-9a4d44cd78c1,awayWin,0-2
12566dfe-5818-44a3-868b-14e6ab6c87e5,98f532d8-8512-44b7-b200-3a655b796c78,8cefb673-e564-4faa-ac0a-df5103880124,00220be9-2c18-4113-9b5d-fc8ea4c64bc3,209f5539-e6e4-4c2f-95bc-3ee4ba8fd138,7e2e655f-249f-4c29-ab7e-b82fd8c5d313,8ebcea9c-62a8-4a11-bf0b-6cc9527f2eaa,161b9e1d-eb0b-4ab7-a296-71d09164124f,839a7a51-5934-4b40-b273-c1cab15f9634,08ca6371-9fa7-4c07-b5ad-d6edc2ed7550,4c2c6d31-f85f-4df1-9983-249e401d6b5c,37875f23-d365-4881-8b53-b8f3f61e1f1d,08ab54a8-a2ef-4740-9a41-43f3b45bc1d3,850b63ed-5b62-4189-880f-2e5b95f496a1,51054b71-f1a9-4397-ba0c-295a1287c32a,bbe21408-c73e-432f-bcd3-5bad98ba1575,2edaf97b-2b2f-4ad4-9264-be8926279088,59df29de-d8ec-4bfc-b2ed-623d6e81c74a,75e535a7-f0e7-40b0-82ba-ce9571b78b56,293d1bad-e4b8-470c-90be-20a58c3c5737,0977b875-b240-45c5-9b5d-a26608636311,64dc86ea-f0fc-4b63-a355-c86ce4ea61a0,c88757fa-cb9f-413e-bdef-4c06023891c9,31aa2d9f-b3e7-499f-b9ba-f2c93b83c880,bd55075d-28c7-4a7c-aaf7-daf15aea7e2e,022e8ca9-e697-4ff4-90b0-037b08dd61a1,94e86fbf-0f28-4a59-b330-5f2ecb4201a6,1f62c0e4-8028-4d85-9481-c54755b93aa1,2d97e142-4329-4fce-a885-efd23e678b43,3b88ece8-1796-4f49-80d1-9a4d44cd78c1,awayWin,0-2
fab9af29-a8c7-4473-b237-80314ac6bc25,cc8cd6f8-a07d-4ee2-962f-16958648eb6d,2395bd40-23ec-43c1-afe3-1c7e420014ac,138c9eab-769c-436d-9b0f-43bfa0969a45,ee969cdc-05db-4c79-84be-76b69aa8cbd2,32a2060c-c4f0-4b77-955c-f0b8befc6206,fe71bb6b-af93-41a9-aedc-709ba855ace7,e9bb74dd-f989-4890-9ec4-9c1084383def,692765c2-9980-4e9d-9bc7-61761fb683e6,0e44523a-be15-45de-a571-29919a7b39c6,7784bad1-3280-4e9b-95a9-7ad19b89c03d,26a84281-0e22-46b3-9677-670d659ef3df,38a54c3f-55bf-4a70-87bf-4b0d9dade257,c4d29ad8-69cd-4ccb-8a26-a77a4d7ace83,75433600-dbd3-45bc-a055-27b3200d7f41,a50d4950-758b-4ded-8f7f-f76969b36b95,35b121ee-41ea-448b-bb15-cc5aec5df8cc,b5d6c116-6f3a-4cde-a058-14efb0110392,4bb2cea3-1af3-4eed-880d-ffb0b613c507,1e205043-ea2c-4ad0-b3cc-07c4f3bc29e0,fb2276fb-54fc-45fb-888f-1a00d28ee126,f7aac008-221a-4e3b-a86f-72e74747244e,9ba25768-d067-4ad3-8ac8-aca259946ebf,f0f25b37-776c-48dc-8234-cdf0c79ff18e,6beebba5-0ed2-4dfc-af03-4ccc5f367500,53df9637-5b69-435c-8514-5bf4864d18f0,77a0ca3c-5907-45b5-a079-226012215638,19f4d537-427a-4ae4-adf6-b2885ba9e62a,c2dacb13-cf9d-4aec-ac0c-de5c31d33b90,b4a46529-f276-4b82-915d-f7a41639746a,homeWin,2-1
fab9af29-a8c7-4473-b237-80314ac6bc25,cc8cd6f8-a07d-4ee2-962f-16958648eb6d,2395bd40-23ec-43c1-afe3-1c7e420014ac,138c9eab-769c-436d-9b0f-43bfa0969a45,ee969cdc-05db-4c79-84be-76b69aa8cbd2,32a2060c-c4f0-4b77-955c-f0b8befc6206,fe71bb6b-af93-41a9-aedc-709ba855ace7,e9bb74dd-f989-4890-9ec4-9c1084383def,692765c2-9980-4e9d-9bc7-61761fb683e6,0e44523a-be15-45de-a571-29919a7b39c6,7784bad1-3280-4e9b-95a9-7ad19b89c03d,26a84281-0e22-46b3-9677-670d659ef3df,38a54c3f-55bf-4a70-87bf-4b0d9dade257,c4d29ad8-69cd-4ccb-8a26-a77a4d7ace83,75433600-dbd3-45bc-a055-27b3200d7f41,a50d4950-758b-4ded-8f7f-f76969b36b95,35b121ee-41ea-448b-bb15-cc5aec5df8cc,b5d6c116-6f3a-4cde-a058-14efb0110392,4bb2cea3-1af3-4eed-880d-ffb0b613c507,1e205043-ea2c-4ad0-b3cc-07c4f3bc29e0,fb2276fb-54fc-45fb-888f-1a00d28ee126,f7aac008-221a-4e3b-a86f-72e74747244e,9ba25768-d067-4ad3-8ac8-aca259946ebf,f0f25b37-776c-48dc-8234-cdf0c79ff18e,6beebba5-0ed2-4dfc-af03-4ccc5f367500,53df9637-5b69-435c-8514-5bf4864d18f0,77a0ca3c-5907-45b5-a079-226012215638,19f4d537-427a-4ae4-adf6-b2885ba9e62a,c2dacb13-cf9d-4aec-ac0c-de5c31d33b90,b4a46529-f276-4b82-915d-f7a41639746a,homeWin,2-1
12566dfe-5818-44a3-868b-14e6ab6c87e5,98f532d8-8512-44b7-b200-3a655b796c78,00220be9-2c18-4113-9b5d-fc8ea4c64bc3,7e2e655f-249f-4c29-ab7e-b82fd8c5d313,5530fdf6-4165-48e2-b1e6-d6e1fb76ce30,209f5539-e6e4-4c2f-95bc-3ee4ba8fd138,8ebcea9c-62a8-4a11-bf0b-6cc9527f2eaa,161b9e1d-eb0b-4ab7-a296-71d09164124f,37875f23-d365-4881-8b53-b8f3f61e1f1d,850b63ed-5b62-4189-880f-2e5b95f496a1,4c2c6d31-f85f-4df1-9983-249e401d6b5c,08ca6371-9fa7-4c07-b5ad-d6edc2ed7550,8cefb673-e564-4faa-ac0a-df5103880124,51054b71-f1a9-4397-ba0c-295a1287c32a,839a7a51-5934-4b40-b273-c1cab15f9634,b9575882-eceb-44d0-95cb-63d07d89aa16,fef93412-e52f-4ff7-82f3-584b1a2dcb08,d54d35d1-583d-4bda-b125-789bbc3e9c08,35f9d71b-d618-4932-b7bf-921a10df736f,1f8168fa-94a7-4ad7-a8ff-fc84d99fc877,0d44c3d1-5319-4c99-b05e-9112c0fd5edc,34fc9a72-0c25-47f7-b673-34e9557cd1ea,b72b8151-e47e-4cda-acfe-0ba8a16d73a7,1959e6ee-9961-4ce4-b912-b1cf695b76d0,f3fb01d4-30cd-4453-874b-68f31dffb49e,8e0aae7a-4e70-4820-a04d-2ec1065a6978,e0a157b1-e798-4f6c-8950-6ebcb1d6ea16,825d72bd-440e-4712-8d29-12e84e597984,67c8d966-9f3b-453b-a628-30d7de897eae,04f13e5d-2a36-44cb-8a84-53928acaa4a0,homeWin,4-3
12566dfe-5818-44a3-868b-14e6ab6c87e5,98f532d8-8512-44b7-b200-3a655b796c78,00220be9-2c18-4113-9b5d-fc8ea4c64bc3,7e2e655f-249f-4c29-ab7e-b82fd8c5d313,5530fdf6-4165-48e2-b1e6-d6e1fb76ce30,209f5539-e6e4-4c2f-95bc-3ee4ba8fd138,8ebcea9c-62a8-4a11-bf0b-6cc9527f2eaa,161b9e1d-eb0b-4ab7-a296-71d09164124f,37875f23-d365-4881-8b53-b8f3f61e1f1d,850b63ed-5b62-4189-880f-2e5b95f496a1,4c2c6d31-f85f-4df1-9983-249e401d6b5c,08ca6371-9fa7-4c07-b5ad-d6edc2ed7550,8cefb673-e564-4faa-ac0a-df5103880124,51054b71-f1a9-4397-ba0c-295a1287c32a,839a7a51-5934-4b40-b273-c1cab15f9634,b9575882-eceb-44d0-95cb-63d07d89aa16,fef93412-e52f-4ff7-82f3-584b1a2dcb08,d54d35d1-583d-4bda-b125-789bbc3e9c08,35f9d71b-d618-4932-b7bf-921a10df736f,1f8168fa-94a7-4ad7-a8ff-fc84d99fc877,0d44c3d1-5319-4c99-b05e-9112c0fd5edc,34fc9a72-0c25-47f7-b673-34e9557cd1ea,b72b8151-e47e-4cda-acfe-0ba8a16d73a7,1959e6ee-9961-4ce4-b912-b1cf695b76d0,f3fb01d4-30cd-4453-874b-68f31dffb49e,8e0aae7a-4e70-4820-a04d-2ec1065a6978,e0a157b1-e798-4f6c-8950-6ebcb1d6ea16,825d72bd-440e-4712-8d29-12e84e597984,67c8d966-9f3b-453b-a628-30d7de897eae,04f13e5d-2a36-44cb-8a84-53928acaa4a0,homeWin,4-3
a82c895b-46da-4230-9ca7-bbf3918d99df,75ce2f31-04ae-425d-b3f1-2f32e2c51402,27874ca0-9d09-4493-97cb-02710999ac56,0d96be71-3075-49d3-b6a7-3a304739d517,7ce73172-fcef-4120-a390-296d7d9fcaec,ee9507b7-0dbf-4d14-b49d-235fc4aa318c,ce98a22e-2ffc-4bae-9062-91975a340c30,447be0cf-7193-4494-9430-b83ee5214bd2,e6573cbb-bb33-408a-a1a5-856591fe1c9e,d95dac6f-2f27-49f2-b202-ace860c3ea5a,7c557516-0e60-4388-9572-9ec84ce8dd93,1068e500-a147-4487-aa88-ce9f6ccbe54c,92aedfde-8e12-4f84-85bb-7dd377b3b97c,15c321e8-c85c-4392-a8d0-d986cae7ef6e,212b8733-1c9e-4ff8-801b-a4d9669b9692,4b7a5d6d-798a-4c8c-afbf-ad17744e2ae5,5946660f-7082-448f-963d-9c486fd41e90,ce98a22e-2ffc-4bae-9062-91975a340c30,65748b77-ff58-448a-b782-d7c20098fa8a,9e3543ba-3df8-4f9d-a570-502044f0342e,d259d569-120e-4cf5-a107-7f84aaf11b33,2c0c0168-f85a-465f-a58b-2f76db0baef6,03ef219d-a797-4831-af03-ccd852cfa42a,ec14a9e1-c66b-4da1-a0d0-5918f515c85d,420c3a13-2852-4b68-8885-c766ac240613,f39b6447-b4e5-44f9-ab8d-702e9ecad526,9c773594-ec07-4f96-82e6-2ed4096f1cea,355d1608-10a7-4de1-b92f-f9b0e8893f45,373dd18f-cb58-4f93-941c-4c7a1d3aae66,a5441dc5-ab6a-4a5b-aa06-d13b658e97e4,draw,0-0
a82c895b-46da-4230-9ca7-bbf3918d99df,75ce2f31-04ae-425d-b3f1-2f32e2c51402,27874ca0-9d09-4493-97cb-02710999ac56,0d96be71-3075-49d3-b6a7-3a304739d517,7ce73172-fcef-4120-a390-296d7d9fcaec,ee9507b7-0dbf-4d14-b49d-235fc4aa318c,ce98a22e-2ffc-4bae-9062-91975a340c30,447be0cf-7193-4494-9430-b83ee5214bd2,e6573cbb-bb33-408a-a1a5-856591fe1c9e,d95dac6f-2f27-49f2-b202-ace860c3ea5a,7c557516-0e60-4388-9572-9ec84ce8dd93,1068e500-a147-4487-aa88-ce9f6ccbe54c,92aedfde-8e12-4f84-85bb-7dd377b3b97c,15c321e8-c85c-4392-a8d0-d986cae7ef6e,212b8733-1c9e-4ff8-801b-a4d9669b9692,4b7a5d6d-798a-4c8c-afbf-ad17744e2ae5,5946660f-7082-448f-963d-9c486fd41e90,ce98a22e-2ffc-4bae-9062-91975a340c30,65748b77-ff58-448a-b782-d7c20098fa8a,9e3543ba-3df8-4f9d-a570-502044f0342e,d259d569-120e-4cf5-a107-7f84aaf11b33,2c0c0168-f85a-465f-a58b-2f76db0baef6,03ef219d-a797-4831-af03-ccd852cfa42a,ec14a9e1-c66b-4da1-a0d0-5918f515c85d,420c3a13-2852-4b68-8885-c766ac240613,f39b6447-b4e5-44f9-ab8d-702e9ecad526,9c773594-ec07-4f96-82e6-2ed4096f1cea,355d1608-10a7-4de1-b92f-f9b0e8893f45,373dd18f-cb58-4f93-941c-4c7a1d3aae66,a5441dc5-ab6a-4a5b-aa06-d13b658e97e4,draw,0-0
3effb6f4-e643-4a23-874a-8cbef1adfc7c,e33bea12-ef36-485c-ac73-db635854b5fb,2a47e1a6-af84-4169-8e22-0eb2d8617d12,be3511fc-bc84-43e4-be2d-f457a3d46cc7,049050a5-8280-401b-80e4-8357e36b8f22,87e478d1-e457-415d-9188-e6d181dafad8,111d35c1-1228-4af1-b6f2-822b470c134c,06593de8-8bbd-479f-8590-e6632e2126dd,6abe528c-bc98-4c57-8e9c-217335d169b7,3d99a74f-81e5-400b-b26e-aed111eab839,9f365700-264b-4825-a904-b10e370a6fc0,1ee0bc44-d7ed-45d2-aa1d-1d1545a0f287,4d074cdc-19a0-43cb-9e56-ab39aa56a51a,c6afe2a0-a39b-4af2-8fff-f9fd29bc6cf5,a72612ef-c4d4-4b9c-957b-4f6892fc99c3,7c877d8e-e911-4bec-b25b-38cb0d3125aa,6b6eb79e-0b35-41a4-b330-f64bbf94459f,cdd44a57-2a8a-4520-a377-8bbbe90dcf72,04a462e5-4bad-4eb7-a461-376da7151221,5b1c21c5-b786-43ff-b5fa-2ef87900f3eb,d69a2f6c-11f0-4ff3-a4e8-d8b5c6065710,9bc73ba2-01e3-4b8e-9414-d31760ac757e,ee4a8da4-849a-4843-9a9c-81a49336f933,0c7a6a7e-9e35-4692-ad6b-b05b20357e07,322776d9-60cc-4036-8720-bcee021a5d0f,7f979b13-7c1a-4e4d-acd3-f43470279389,0977b875-b240-45c5-9b5d-a26608636311,2c020e3d-8b55-4749-88a4-573e21eba931,14bb1237-db23-491f-a16e-a76aeb2dcfb4,65dddfea-56c5-4395-b83f-812e834cfc08,draw,1-1
3effb6f4-e643-4a23-874a-8cbef1adfc7c,e33bea12-ef36-485c-ac73-db635854b5fb,2a47e1a6-af84-4169-8e22-0eb2d8617d12,be3511fc-bc84-43e4-be2d-f457a3d46cc7,049050a5-8280-401b-80e4-8357e36b8f22,87e478d1-e457-415d-9188-e6d181dafad8,111d35c1-1228-4af1-b6f2-822b470c134c,06593de8-8bbd-479f-8590-e6632e2126dd,6abe528c-bc98-4c57-8e9c-217335d169b7,3d99a74f-81e5-400b-b26e-aed111eab839,9f365700-264b-4825-a904-b10e370a6fc0,1ee0bc44-d7ed-45d2-aa1d-1d1545a0f287,4d074cdc-19a0-43cb-9e56-ab39aa56a51a,c6afe2a0-a39b-4af2-8fff-f9fd29bc6cf5,a72612ef-c4d4-4b9c-957b-4f6892fc99c3,7c877d8e-e911-4bec-b25b-38cb0d3125aa,6b6eb79e-0b35-41a4-b330-f64bbf94459f,cdd44a57-2a8a-4520-a377-8bbbe90dcf72,04a462e5-4bad-4eb7-a461-376da7151221,5b1c21c5-b786-43ff-b5fa-2ef87900f3eb,d69a2f6c-11f0-4ff3-a4e8-d8b5c6065710,9bc73ba2-01e3-4b8e-9414-d31760ac757e,ee4a8da4-849a-4843-9a9c-81a49336f933,0c7a6a7e-9e35-4692-ad6b-b05b20357e07,322776d9-60cc-4036-8720-bcee021a5d0f,7f979b13-7c1a-4e4d-acd3-f43470279389,0977b875-b240-45c5-9b5d-a26608636311,2c020e3d-8b55-4749-88a4-573e21eba931,14bb1237-db23-491f-a16e-a76aeb2dcfb4,65dddfea-56c5-4395-b83f-812e834cfc08,draw,1-1
91d79c17-a953-42e6-86f6-498c7ff9a051,7405f628-6380-4a73-a42e-f8ccea65149f,a9edd4cc-364c-4390-8d99-5d6ee10ecd25,fed60ff8-a418-47dd-96c0-8f116b61a6f0,2c903fa9-da32-4813-8736-673331a46a93,13ebb30b-e5bd-4d1b-8202-8c6fe0052675,94db0cf5-bf55-4aac-a8c5-1dd7a013a27b,2c28418b-f2e7-4014-aeae-454d64c7e364,4b42cc16-6b77-43bb-82b6-5ab782ab5b93,d4a6749b-5813-4a6d-a0c3-d9473c778772,5e0f30e0-35a2-44bb-8972-b457417b3e1d,28113566-dc5c-4a04-ae77-70bf0f353733,aa9cd7e9-4a98-4cd6-b61e-4d14bb660ac8,1cda45ba-8d37-4c6e-aaf6-0bc8be696adc,35b1a00a-caea-4759-a614-87e42ed6d868,3b637be5-b0b0-49f5-b4e9-b2ff76549707,a4e69044-2108-4c59-9d11-60683e74d754,b2a93f23-4d3a-48b7-97d6-c09aed2e253f,1ad52b00-f783-4a9d-87c9-f267cbe66b3b,3e065c0c-7fce-412e-a486-c4970b272bef,d66896f6-3652-4227-9e8d-6910f4e59e2f,0628ba8a-1d02-4899-828f-2d959db2aedd,6e1ea0f7-a5f4-48d5-8d9b-bb614c85a7bb,b0e4cd84-93cf-4961-8bfc-26817d367c0b,0090c958-3edd-4651-9c6a-d3623506bd78,161b9e1d-eb0b-4ab7-a296-71d09164124f,27c854ce-2eab-4d93-baaf-63179415443d,0548898a-dd95-4061-8d30-2515c6149768,61ab0563-fc4a-453c-8b22-7195154b100b,a0eb40fa-64fe-4d8f-ad8c-b4392256af44,draw,2-2
7e36e208-aaa3-4479-85c5-e886f9591988,4b91a4a4-b753-4625-8d27-e09ae83103be,f7b1ae30-2c3e-4478-8ed7-1f680539d136,516a4569-7402-4433-bac8-4edf78d76f08,fe27cc57-0dd0-4db5-8912-fdcf1defd065,2546c63f-4092-4158-821f-e84fd2438b15,e7b59013-370f-4d3f-934c-f1ce0e37f66c,b86b0273-e0f4-429f-9d38-eb9ac3d25b72,c4357c50-faff-4db2-9cfa-10d623ab081d,953343b8-e9e7-4c92-b479-8a3b85ed4922,3a2cdb03-0440-45f4-b298-459e70b0b8f2,74fdc492-237e-4a3b-abbb-ae6d768aacec,67f148e4-c663-40cf-8c14-89781a7987a0,dd527eb6-627a-45c9-ae98-61377e6b1b2f,d297d615-2efe-4fae-ace2-7cdc7e3e4558,fcedf4aa-18d8-4d21-a246-425d4d2d7a0c,897e9f36-6cba-481e-97ba-e31242e2906f,2d8d9dbb-5f90-4774-8302-d3673c63f1f5,3bd36098-e917-4217-8345-14ff6e964e84,574b6cd9-dabb-4a5a-85ac-486c61c66027,7a3afe61-2228-4d2c-92ea-9589c6b86c28,3a5cd059-a5f1-477d-b0d6-ffa418c10be9,93333a7f-609c-462c-9f48-a15e25424047,98f532d8-8512-44b7-b200-3a655b796c78,6b0eb23a-01f9-43c4-a29e-1477089c6e5d,76118642-e56a-4c64-92f9-fe1ab5dc07a0,d98b0deb-c2b5-44ce-aef5-f8e1b0d4aecb,580cd15d-6610-4121-a96c-b8be102ef651,96d6e9fd-0f4d-4f0f-bde6-e4dff67d9e55,3638f367-0ef0-4efc-8c31-a65ab1f3b7a9,homeWin,5-1
8c2ae545-a23f-4cdf-94a9-a52367601bcf,f3144a24-b45b-4f42-b5a8-56b4b9a305bf,94a299dc-7a5f-4c20-8f8e-4f0895fe8410,45fc89d1-bfff-43a0-9a4f-58257be9cc90,19394a11-ee35-4e44-b431-7ba2f8706d5e,db062cf1-afeb-43c3-ad24-2b71085e0fe8,1144f9b0-93fd-4f91-85a7-4bd658e58fc0,d0aac5cc-8cbe-4158-9073-9f719e345054,c323327b-8865-44b5-b374-910374089518,a3f2e623-944f-48df-8e1e-f8664f42a42c,ab026022-5848-4266-9c9d-93ceb94f9174,16bb3ea9-0bc9-455c-8513-7441a3a9ebb7,4b0295aa-e83c-484b-91ef-08b246cef7fc,93f3572c-feee-4363-98f9-0bd651fc91bd,36ed6876-d209-4db9-a9a9-ca685fb05855,446fa06a-122b-4ee7-9dea-9ae18332dd87,c85c72d3-edf8-4e76-a082-ae5304f866e3,70fe2d0c-eab6-40ae-8286-07f4094e111a,59ef68ff-b290-41d6-bf59-a3ac7c15e018,91aeba9b-518b-4bb0-b8b0-fbba1e741d66,c468f41c-fb43-4bc6-9300-6e01a01b566d,72f7c9a6-6224-4952-ab43-80a4c252dc64,51fc6787-791c-499b-91b6-bd487c996ec2,0cb63132-905d-4532-a49c-9f1880832532,9957587e-409c-4df5-b923-eed6cade3e02,dad1df69-62c3-41f6-a557-9fef78ec19da,22f9cad9-e3a0-4fa5-8bc2-6d2e6fc9502c,28f92e17-b10e-47e6-9f9c-4f5bb54e8cad,e70aec50-7ced-46b7-8cd9-ad2be28d3e57,baa76928-995e-402f-a88c-efcf64342c6d,awayWin,1-3
81e5652e-3d2a-4393-bf78-4af6ce17a781,1c0d6173-171c-48a0-8821-be2802c94e64,5813aeb1-a0fd-4bf2-b08d-b27d5f1d3d93,cb1f2a76-b6e1-455c-9696-ac3d80607ec3,11837ed7-5eef-44ee-a372-8c2c7235e79b,cb83c62d-41c1-4bed-8f0f-1ea9d36880dc,2e205f15-e7b3-4c65-b5af-a84fd0fab0ae,3b6f23df-9990-446a-be08-50c5188428a2,4d7b21a1-998f-4ad9-b8bb-e06ff43f92b2,9648aa3c-cbde-4a67-925c-1760de1f5b23,946d52dd-f69b-4803-9729-294939cb96f8,18111097-6bf6-40cd-8e3a-c814c00c6ea8,d944fd43-46eb-4fb9-a0fb-211510fa1356,2ec3d74d-336c-4fdf-ad5d-e2feaccce79c,64fdf71e-8db3-47ef-9bce-77f764a08ce3,bbe21408-c73e-432f-bcd3-5bad98ba1575,2edaf97b-2b2f-4ad4-9264-be8926279088,59df29de-d8ec-4bfc-b2ed-623d6e81c74a,75e535a7-f0e7-40b0-82ba-ce9571b78b56,293d1bad-e4b8-470c-90be-20a58c3c5737,0977b875-b240-45c5-9b5d-a26608636311,bd55075d-28c7-4a7c-aaf7-daf15aea7e2e,64dc86ea-f0fc-4b63-a355-c86ce4ea61a0,c88757fa-cb9f-413e-bdef-4c06023891c9,94e86fbf-0f28-4a59-b330-5f2ecb4201a6,31aa2d9f-b3e7-499f-b9ba-f2c93b83c880,022e8ca9-e697-4ff4-90b0-037b08dd61a1,fcacb55f-7ab6-4990-a7e0-34eaa28e1fab,1f62c0e4-8028-4d85-9481-c54755b93aa1,0fc4c8a2-dc3a-49b9-9706-14e40de3f158,awayWin,0-3
f4f08982-6264-4ee8-abed-7a7de531387c,14e3d16b-e884-48ec-96ad-af8cf482a05c,d23431be-6e4f-4f2c-a906-19a05561e8e0,f3bc94b0-54a3-494b-bdeb-8d55ba722cd2,0072b293-bc1d-4679-a59f-6df2d2e41e55,3b122d83-7eee-4892-9dd7-517a3bc13e8d,a78068dd-298e-4630-a040-ce36b622b467,0e32b32c-0d2b-4693-8766-bd87953cbd54,60c0673d-0487-48d0-b2c3-bf23abd55778,13005ff5-065e-4715-a544-6880d800f873,40d87854-bf93-4d71-92c8-76ee939b297d,45a29d0a-a3c2-4a01-8fb3-9f00259b0ee7,d335ebc7-da02-44c7-b3e9-89e65d2246c0,7af06a48-cae7-439a-aba1-18b9c25efce5,f43f2c7a-18dc-468b-babe-ecb98f08809d,9913dd4b-9332-4465-8c80-11b734250046,7f0946e6-cf47-4278-b777-c11f9e485322,340f07fa-b5e8-4fd0-9fca-60b2f7304123,0bfdc658-844e-4b09-b55e-436561c00528,fbc5f164-e12a-495e-aff0-1bba1d27abfb,ab121103-90f3-45b1-975f-455b8bb6e885,5af4483b-28dd-4109-88e8-bd364cf2ca81,0477dc76-a32d-4bbd-b19b-104caee316f4,649da738-bac2-4798-ac71-6ebc3c7a8559,4e32a279-679f-4a1e-85f8-c62b267ba526,7465d9b1-e46f-4427-b49e-a7da2aba20e2,1157d73d-6c06-4eef-a5f9-e6a77b0d58cb,86fbb000-7ca9-45e3-aa66-480a04503158,01eac7ec-c121-4a58-a0c9-d810fad1bff8,2e858874-f3b8-4246-8415-fca913cfa57a,homeWin,3-1
f4f08982-6264-4ee8-abed-7a7de531387c,14e3d16b-e884-48ec-96ad-af8cf482a05c,d23431be-6e4f-4f2c-a906-19a05561e8e0,f3bc94b0-54a3-494b-bdeb-8d55ba722cd2,0072b293-bc1d-4679-a59f-6df2d2e41e55,3b122d83-7eee-4892-9dd7-517a3bc13e8d,a78068dd-298e-4630-a040-ce36b622b467,0e32b32c-0d2b-4693-8766-bd87953cbd54,60c0673d-0487-48d0-b2c3-bf23abd55778,13005ff5-065e-4715-a544-6880d800f873,40d87854-bf93-4d71-92c8-76ee939b297d,45a29d0a-a3c2-4a01-8fb3-9f00259b0ee7,d335ebc7-da02-44c7-b3e9-89e65d2246c0,7af06a48-cae7-439a-aba1-18b9c25efce5,f43f2c7a-18dc-468b-babe-ecb98f08809d,9913dd4b-9332-4465-8c80-11b734250046,7f0946e6-cf47-4278-b777-c11f9e485322,340f07fa-b5e8-4fd0-9fca-60b2f7304123,0bfdc658-844e-4b09-b55e-436561c00528,fbc5f164-e12a-495e-aff0-1bba1d27abfb,ab121103-90f3-45b1-975f-455b8bb6e885,5af4483b-28dd-4109-88e8-bd364cf2ca81,0477dc76-a32d-4bbd-b19b-104caee316f4,649da738-bac2-4798-ac71-6ebc3c7a8559,4e32a279-679f-4a1e-85f8-c62b267ba526,7465d9b1-e46f-4427-b49e-a7da2aba20e2,1157d73d-6c06-4eef-a5f9-e6a77b0d58cb,86fbb000-7ca9-45e3-aa66-480a04503158,01eac7ec-c121-4a58-a0c9-d810fad1bff8,2e858874-f3b8-4246-8415-fca913cfa57a,homeWin,3-1
81e5652e-3d2a-4393-bf78-4af6ce17a781,1c0d6173-171c-48a0-8821-be2802c94e64,5813aeb1-a0fd-4bf2-b08d-b27d5f1d3d93,cb1f2a76-b6e1-455c-9696-ac3d80607ec3,11837ed7-5eef-44ee-a372-8c2c7235e79b,cb83c62d-41c1-4bed-8f0f-1ea9d36880dc,2e205f15-e7b3-4c65-b5af-a84fd0fab0ae,3b6f23df-9990-446a-be08-50c5188428a2,4d7b21a1-998f-4ad9-b8bb-e06ff43f92b2,9648aa3c-cbde-4a67-925c-1760de1f5b23,946d52dd-f69b-4803-9729-294939cb96f8,18111097-6bf6-40cd-8e3a-c814c00c6ea8,d944fd43-46eb-4fb9-a0fb-211510fa1356,2ec3d74d-336c-4fdf-ad5d-e2feaccce79c,64fdf71e-8db3-47ef-9bce-77f764a08ce3,bbe21408-c73e-432f-bcd3-5bad98ba1575,2edaf97b-2b2f-4ad4-9264-be8926279088,59df29de-d8ec-4bfc-b2ed-623d6e81c74a,75e535a7-f0e7-40b0-82ba-ce9571b78b56,293d1bad-e4b8-470c-90be-20a58c3c5737,0977b875-b240-45c5-9b5d-a26608636311,bd55075d-28c7-4a7c-aaf7-daf15aea7e2e,64dc86ea-f0fc-4b63-a355-c86ce4ea61a0,c88757fa-cb9f-413e-bdef-4c06023891c9,94e86fbf-0f28-4a59-b330-5f2ecb4201a6,31aa2d9f-b3e7-499f-b9ba-f2c93b83c880,022e8ca9-e697-4ff4-90b0-037b08dd61a1,fcacb55f-7ab6-4990-a7e0-34eaa28e1fab,1f62c0e4-8028-4d85-9481-c54755b93aa1,0fc4c8a2-dc3a-49b9-9706-14e40de3f158,awayWin,0-3
6573e03b-9e85-4506-82d0-c3d6be82be48,fac85871-4daf-422f-ad55-e8b00d9141d3,279c83c7-c00e-4758-b285-5127ae5133c5,47d65ed7-64a7-4205-8223-c16e3db52b65,75b87260-1a60-416b-91ae-55c8b417c4a5,efc769dd-f870-468c-89a3-66eeb584046d,1d0a1570-0adc-4a9e-8278-b587cb570ba9,fc240611-89f2-426e-901e-ef0a2d9582a5,e5f0396c-2c25-43c8-9fe7-2179b0543c26,a914c4b7-7663-41c8-8dc4-0cde883cad1e,4261acdf-51cb-47e0-8150-92f9207d5242,6184e577-c5cb-4cc3-a483-c766fa6deae1,9014ff9f-c47c-49e0-9408-85e25f2d0ce9,7756b624-b9f1-471f-8c64-812326c467d8,a4db5ec5-d95e-4ec8-8512-c9cbdd408853,89d45c34-5262-49c1-b1da-4587b8713d13,2c371cd2-4244-4910-9c0c-5ba20c935e9a,9010d82c-20de-4ea4-afc6-accb156b311b,4795405d-0401-43d7-a06a-06febc88f8dd,ff2eb1b1-be49-4dab-aefe-24d2943d18b1,728a022f-b854-42c3-ad2d-7740cbf94802,e6b321d3-6ea4-400a-9a30-b336d395aa17,a05c0296-ea7e-43c6-b1d4-5e3cfb9ffd40,589ae468-0242-409e-9231-a9de9944896b,c2878d86-f830-413d-83fe-a9c46d8c7c84,3627e2f6-2675-458b-ad0d-2d4ff3da7210,463029dd-64fe-431b-ad95-90bad2b4babb,7f732a4d-f6a7-469f-96d5-fc0d8e8a7265,e2294b9a-8b4b-4bca-8331-88eddc7b2590,762ee000-afd0-415b-9e1a-0b1db319d85a,homeWin,6-0
6573e03b-9e85-4506-82d0-c3d6be82be48,fac85871-4daf-422f-ad55-e8b00d9141d3,279c83c7-c00e-4758-b285-5127ae5133c5,47d65ed7-64a7-4205-8223-c16e3db52b65,75b87260-1a60-416b-91ae-55c8b417c4a5,efc769dd-f870-468c-89a3-66eeb584046d,1d0a1570-0adc-4a9e-8278-b587cb570ba9,fc240611-89f2-426e-901e-ef0a2d9582a5,e5f0396c-2c25-43c8-9fe7-2179b0543c26,a914c4b7-7663-41c8-8dc4-0cde883cad1e,4261acdf-51cb-47e0-8150-92f9207d5242,6184e577-c5cb-4cc3-a483-c766fa6deae1,9014ff9f-c47c-49e0-9408-85e25f2d0ce9,7756b624-b9f1-471f-8c64-812326c467d8,a4db5ec5-d95e-4ec8-8512-c9cbdd408853,89d45c34-5262-49c1-b1da-4587b8713d13,2c371cd2-4244-4910-9c0c-5ba20c935e9a,9010d82c-20de-4ea4-afc6-accb156b311b,4795405d-0401-43d7-a06a-06febc88f8dd,ff2eb1b1-be49-4dab-aefe-24d2943d18b1,728a022f-b854-42c3-ad2d-7740cbf94802,e6b321d3-6ea4-400a-9a30-b336d395aa17,a05c0296-ea7e-43c6-b1d4-5e3cfb9ffd40,589ae468-0242-409e-9231-a9de9944896b,c2878d86-f830-413d-83fe-a9c46d8c7c84,3627e2f6-2675-458b-ad0d-2d4ff3da7210,463029dd-64fe-431b-ad95-90bad2b4babb,7f732a4d-f6a7-469f-96d5-fc0d8e8a7265,e2294b9a-8b4b-4bca-8331-88eddc7b2590,762ee000-afd0-415b-9e1a-0b1db319d85a,homeWin,6-0
a3aa3eb1-3962-4641-a53f-c337054c0841,a070685b-b38f-4e72-8ba5-895828e77abf,5e34f52a-f2ca-4cdd-aa34-1f9a377e5263,d0e7b23d-5ba4-40c2-b910-b92eb1ffde05,96c730a1-9cb9-4a79-84b9-b76f9de44fa9,18fcf45b-2ab6-4294-89e6-bbfadf8acec3,3d64b21e-79a3-4b44-bbb3-7b5c7a5ca77c,1e97c9e7-4696-45af-abf6-fad3b046df7b,e934a3bd-1ffd-4ae6-9278-3acfa42b199a,fefaaaf4-6fbe-4606-9f94-421cefe808fe,282a3ce3-7903-4377-b620-439bdc111ce8,fbafacac-ccc7-4f6e-97a3-2a4ec8be2362,3b274300-5bb3-41ce-a7f2-612072d88905,97f72154-4ea0-450d-8876-782bf84b5526,dd96e9c4-5937-4e8a-ba35-62377fde02bb,d286c0bf-6534-4fcf-b60a-b97a91d97b72,a162ba9f-53d0-4f7a-a48e-f4e73d5f60f8,10d9969d-4baf-4c46-b828-b6ba05f92cc3,d62a3ff7-2a52-4668-9ba2-fa6b56b54701,6bd9d5a3-c1d8-4544-b403-a2920008f7b3,a077c389-bccb-4443-ba7d-03c8ea7bb2b4,a7967765-365d-4094-8468-fbf1de74efa8,95318d9a-57fd-4edd-a279-d7a0f53b5b57,5fd5996f-9409-4a19-b858-0c3f1af8b34b,99852fae-e5b3-4f9b-abba-631cae73572a,dd270eb1-d475-4797-af29-e06d80e18fde,dbd2a0f3-9a91-49b3-999b-c6d5e50a37cd,5cf58527-a516-48e0-bcb8-b23a535674ee,ff2bb35f-8cf7-45b7-8e86-6f6c4d720bf9,dad0d89c-afb5-4a92-9603-851d25daa4f4,homeWin,5-1
fcedf4aa-18d8-4d21-a246-425d4d2d7a0c,897e9f36-6cba-481e-97ba-e31242e2906f,2d8d9dbb-5f90-4774-8302-d3673c63f1f5,3bd36098-e917-4217-8345-14ff6e964e84,574b6cd9-dabb-4a5a-85ac-486c61c66027,7a3afe61-2228-4d2c-92ea-9589c6b86c28,580cd15d-6610-4121-a96c-b8be102ef651,96d6e9fd-0f4d-4f0f-bde6-e4dff67d9e55,98f532d8-8512-44b7-b200-3a655b796c78,3638f367-0ef0-4efc-8c31-a65ab1f3b7a9,d98b0deb-c2b5-44ce-aef5-f8e1b0d4aecb,f2d27328-ed60-49d8-b484-d32cdf93ac92,3a5cd059-a5f1-477d-b0d6-ffa418c10be9,2ea4697d-efe2-42d3-9286-8577f989baae,76118642-e56a-4c64-92f9-fe1ab5dc07a0,3effb6f4-e643-4a23-874a-8cbef1adfc7c,e33bea12-ef36-485c-ac73-db635854b5fb,2a47e1a6-af84-4169-8e22-0eb2d8617d12,be3511fc-bc84-43e4-be2d-f457a3d46cc7,4d074cdc-19a0-43cb-9e56-ab39aa56a51a,d5f1e9a6-ef22-416d-a14b-0e8c57cf029a,06593de8-8bbd-479f-8590-e6632e2126dd,a72612ef-c4d4-4b9c-957b-4f6892fc99c3,111d35c1-1228-4af1-b6f2-822b470c134c,3d99a74f-81e5-400b-b26e-aed111eab839,9f365700-264b-4825-a904-b10e370a6fc0,1ee0bc44-d7ed-45d2-aa1d-1d1545a0f287,99b9783d-096f-44a6-80b8-d8c25f9bd1fb,6abe528c-bc98-4c57-8e9c-217335d169b7,c6afe2a0-a39b-4af2-8fff-f9fd29bc6cf5,homeWin,5-1
a50d4950-758b-4ded-8f7f-f76969b36b95,35b121ee-41ea-448b-bb15-cc5aec5df8cc,b5d6c116-6f3a-4cde-a058-14efb0110392,b4a46529-f276-4b82-915d-f7a41639746a,97d7883d-5f7e-41fd-b565-a18097376908,fb2276fb-54fc-45fb-888f-1a00d28ee126,f7aac008-221a-4e3b-a86f-72e74747244e,9ba25768-d067-4ad3-8ac8-aca259946ebf,f0f25b37-776c-48dc-8234-cdf0c79ff18e,a2551eb1-eafc-4451-a35d-ab6a73d12bd2,53df9637-5b69-435c-8514-5bf4864d18f0,77a0ca3c-5907-45b5-a079-226012215638,c2dacb13-cf9d-4aec-ac0c-de5c31d33b90,6fad7ce3-d90c-43ff-ad06-2a692adc53d3,19f4d537-427a-4ae4-adf6-b2885ba9e62a,6573e03b-9e85-4506-82d0-c3d6be82be48,fac85871-4daf-422f-ad55-e8b00d9141d3,dd58767c-c0ed-4394-a096-452587490dd9,279c83c7-c00e-4758-b285-5127ae5133c5,6c11cdfc-f152-4974-ac02-b8e5d10a6b36,efc769dd-f870-468c-89a3-66eeb584046d,1d0a1570-0adc-4a9e-8278-b587cb570ba9,fc240611-89f2-426e-901e-ef0a2d9582a5,a4db5ec5-d95e-4ec8-8512-c9cbdd408853,a914c4b7-7663-41c8-8dc4-0cde883cad1e,04122407-cf9c-4d1b-bae5-dc405ef22168,6184e577-c5cb-4cc3-a483-c766fa6deae1,7255012d-9a0b-4646-a5c7-8c3ea3a887a2,7756b624-b9f1-471f-8c64-812326c467d8,e5f0396c-2c25-43c8-9fe7-2179b0543c26,awayWin,1-2
a50d4950-758b-4ded-8f7f-f76969b36b95,35b121ee-41ea-448b-bb15-cc5aec5df8cc,b5d6c116-6f3a-4cde-a058-14efb0110392,b4a46529-f276-4b82-915d-f7a41639746a,97d7883d-5f7e-41fd-b565-a18097376908,fb2276fb-54fc-45fb-888f-1a00d28ee126,f7aac008-221a-4e3b-a86f-72e74747244e,9ba25768-d067-4ad3-8ac8-aca259946ebf,f0f25b37-776c-48dc-8234-cdf0c79ff18e,a2551eb1-eafc-4451-a35d-ab6a73d12bd2,53df9637-5b69-435c-8514-5bf4864d18f0,77a0ca3c-5907-45b5-a079-226012215638,c2dacb13-cf9d-4aec-ac0c-de5c31d33b90,6fad7ce3-d90c-43ff-ad06-2a692adc53d3,19f4d537-427a-4ae4-adf6-b2885ba9e62a,6573e03b-9e85-4506-82d0-c3d6be82be48,fac85871-4daf-422f-ad55-e8b00d9141d3,dd58767c-c0ed-4394-a096-452587490dd9,279c83c7-c00e-4758-b285-5127ae5133c5,6c11cdfc-f152-4974-ac02-b8e5d10a6b36,efc769dd-f870-468c-89a3-66eeb584046d,1d0a1570-0adc-4a9e-8278-b587cb570ba9,fc240611-89f2-426e-901e-ef0a2d9582a5,a4db5ec5-d95e-4ec8-8512-c9cbdd408853,a914c4b7-7663-41c8-8dc4-0cde883cad1e,04122407-cf9c-4d1b-bae5-dc405ef22168,6184e577-c5cb-4cc3-a483-c766fa6deae1,7255012d-9a0b-4646-a5c7-8c3ea3a887a2,7756b624-b9f1-471f-8c64-812326c467d8,e5f0396c-2c25-43c8-9fe7-2179b0543c26,awayWin,1-2
8c2ae545-a23f-4cdf-94a9-a52367601bcf,f3144a24-b45b-4f42-b5a8-56b4b9a305bf,94a299dc-7a5f-4c20-8f8e-4f0895fe8410,45fc89d1-bfff-43a0-9a4f-58257be9cc90,19394a11-ee35-4e44-b431-7ba2f8706d5e,db062cf1-afeb-43c3-ad24-2b71085e0fe8,1144f9b0-93fd-4f91-85a7-4bd658e58fc0,c323327b-8865-44b5-b374-910374089518,471fdc43-85ca-48f3-a63f-cef7995025b4,ab026022-5848-4266-9c9d-93ceb94f9174,16bb3ea9-0bc9-455c-8513-7441a3a9ebb7,4b0295aa-e83c-484b-91ef-08b246cef7fc,f3bfbec0-14dc-4330-803f-58179be96c44,36ed6876-d209-4db9-a9a9-ca685fb05855,36568ab8-2a76-40f1-9332-74eb4d1424d8,5288752e-802c-45db-a87f-27ad3b6a511a,755acc56-d900-4773-986d-b88305511278,d312f31d-42bd-44d4-8031-5827cec74693,939efa2d-61cd-4333-8dda-58b72a577f43,1e852fea-bf26-4b0c-a830-dafc650d331d,82f4f281-9e62-4a25-bcf7-dba4cb07b68d,4fcfed14-454e-4ab2-8bf8-080c226c752d,9ad0232f-57f9-4748-876b-6453ae08b1fd,61a353a4-51a3-4c38-b5d6-e46611180ba7,218117c8-dca2-42a0-97fe-c7d261de58d8,55de6968-d253-4989-886f-ea89b879322c,910f8b92-f33e-4c12-b92b-a5e0f4e8d3a6,682e27b2-8d64-4ab3-ba42-c8ab2faeb755,74cc7d55-162c-4154-8451-2c4c3b5cef4b,658de689-3272-4ab0-9258-5ec37acecb43,homeWin,1-0
9913dd4b-9332-4465-8c80-11b734250046,7f0946e6-cf47-4278-b777-c11f9e485322,340f07fa-b5e8-4fd0-9fca-60b2f7304123,0bfdc658-844e-4b09-b55e-436561c00528,d02b8deb-7426-4013-a108-380f9f76a78f,47545df5-5d29-439a-98fd-bf3f471a9129,7465d9b1-e46f-4427-b49e-a7da2aba20e2,01eac7ec-c121-4a58-a0c9-d810fad1bff8,649da738-bac2-4798-ac71-6ebc3c7a8559,4e32a279-679f-4a1e-85f8-c62b267ba526,ee98ff29-233b-4e43-b97a-915fd0047b6e,9abf8b0c-a741-48d2-88aa-cea18fc4b823,5af4483b-28dd-4109-88e8-bd364cf2ca81,fbc5f164-e12a-495e-aff0-1bba1d27abfb,2e858874-f3b8-4246-8415-fca913cfa57a,a82c895b-46da-4230-9ca7-bbf3918d99df,75ce2f31-04ae-425d-b3f1-2f32e2c51402,a2ff6d53-29f7-4b8d-bbaf-2a3b6766a97d,0d96be71-3075-49d3-b6a7-3a304739d517,98341f8e-7f68-4756-bf4d-de68c27c34b2,ee9507b7-0dbf-4d14-b49d-235fc4aa318c,ce98a22e-2ffc-4bae-9062-91975a340c30,447be0cf-7193-4494-9430-b83ee5214bd2,e6573cbb-bb33-408a-a1a5-856591fe1c9e,d95dac6f-2f27-49f2-b202-ace860c3ea5a,1068e500-a147-4487-aa88-ce9f6ccbe54c,7c557516-0e60-4388-9572-9ec84ce8dd93,b28e70f8-05e0-4824-86d6-8a072c26f632,15c321e8-c85c-4392-a8d0-d986cae7ef6e,212b8733-1c9e-4ff8-801b-a4d9669b9692,draw,2-2
9913dd4b-9332-4465-8c80-11b734250046,7f0946e6-cf47-4278-b777-c11f9e485322,340f07fa-b5e8-4fd0-9fca-60b2f7304123,0bfdc658-844e-4b09-b55e-436561c00528,d02b8deb-7426-4013-a108-380f9f76a78f,47545df5-5d29-439a-98fd-bf3f471a9129,7465d9b1-e46f-4427-b49e-a7da2aba20e2,01eac7ec-c121-4a58-a0c9-d810fad1bff8,649da738-bac2-4798-ac71-6ebc3c7a8559,4e32a279-679f-4a1e-85f8-c62b267ba526,ee98ff29-233b-4e43-b97a-915fd0047b6e,9abf8b0c-a741-48d2-88aa-cea18fc4b823,5af4483b-28dd-4109-88e8-bd364cf2ca81,fbc5f164-e12a-495e-aff0-1bba1d27abfb,2e858874-f3b8-4246-8415-fca913cfa57a,a82c895b-46da-4230-9ca7-bbf3918d99df,75ce2f31-04ae-425d-b3f1-2f32e2c51402,a2ff6d53-29f7-4b8d-bbaf-2a3b6766a97d,0d96be71-3075-49d3-b6a7-3a304739d517,98341f8e-7f68-4756-bf4d-de68c27c34b2,ee9507b7-0dbf-4d14-b49d-235fc4aa318c,ce98a22e-2ffc-4bae-9062-91975a340c30,447be0cf-7193-4494-9430-b83ee5214bd2,e6573cbb-bb33-408a-a1a5-856591fe1c9e,d95dac6f-2f27-49f2-b202-ace860c3ea5a,1068e500-a147-4487-aa88-ce9f6ccbe54c,7c557516-0e60-4388-9572-9ec84ce8dd93,b28e70f8-05e0-4824-86d6-8a072c26f632,15c321e8-c85c-4392-a8d0-d986cae7ef6e,212b8733-1c9e-4ff8-801b-a4d9669b9692,draw,2-2
be06838e-ff7e-48f3-a50d-c211c1a8ce78,ac6f97c6-58fa-462a-869e-fc9dd3a00ca5,b99f5ec3-d7df-4fff-958d-6eac71ca2378,490dfa30-a9f5-4377-8e05-b64ddac3349c,9afe4697-b629-4f87-8adc-fb08f601c036,082dba57-0795-454f-a974-089fc8d535fd,7faeaaf4-6350-4825-acde-d8ffa4442e47,652202f3-10c3-418d-9b9f-015587b62da4,b6c2b20d-dc77-48e8-941e-ca7532f77bb9,70406c53-5ee4-4c7c-8d75-38238241b582,06bc5286-c532-4b84-83a8-662e634d89f3,d2ee7477-29b3-4fdc-b5f8-e3f04b17a156,d747a9be-0c94-4d90-9e9d-2319a30e37b0,f2db69fb-0c60-42c6-b65c-24545246eb42,2eee09e8-aef6-4027-8f09-4e365301fb55,e625d96c-7a4f-404c-9f0e-64497b594ee7,918a3ba0-df98-447b-8e7f-48f6324f0ef7,7438fcb4-759a-4615-830d-59493e8be8ac,2bac347c-5c4a-4a02-9b49-227041a2c977,6ba5af08-2e88-47cd-807c-0d8a1e12aea5,1443c75b-1607-43cc-b1ee-c314f6effb63,0d9f6bd2-1313-46ee-adca-31f5094b36a7,bf635ca9-2290-49b8-87d3-ffd8a7c48830,665736bc-5b22-4bc4-aa79-874f6fee3772,a64255a9-33de-401f-8691-4bc69ffa39e6,4925c7c5-9ab1-4ccb-b7fb-8e04e870c096,89b1c2cc-4cd7-4b32-8698-4256b0822d68,83f67653-bd8d-4102-a570-6d3d231e54b7,4c786644-8f22-45dc-a2b6-10ea42bbd6fc,6d15a71b-2522-4caf-a280-764e6c6163ef,homeWin,2-1
d286c0bf-6534-4fcf-b60a-b97a91d97b72,a162ba9f-53d0-4f7a-a48e-f4e73d5f60f8,10d9969d-4baf-4c46-b828-b6ba05f92cc3,9a97262f-0fe7-4664-ac14-2fca25118819,a077c389-bccb-4443-ba7d-03c8ea7bb2b4,dad0d89c-afb5-4a92-9603-851d25daa4f4,f0440f5d-2f17-4baa-9569-fbb7f2e24400,5fd5996f-9409-4a19-b858-0c3f1af8b34b,ff2bb35f-8cf7-45b7-8e86-6f6c4d720bf9,5cf58527-a516-48e0-bcb8-b23a535674ee,dd270eb1-d475-4797-af29-e06d80e18fde,dbd2a0f3-9a91-49b3-999b-c6d5e50a37cd,43750c11-945a-4c28-9761-29d6074300da,a7967765-365d-4094-8468-fbf1de74efa8,a36698f2-e917-4188-bf81-107582b7af70,f4f08982-6264-4ee8-abed-7a7de531387c,14e3d16b-e884-48ec-96ad-af8cf482a05c,d23431be-6e4f-4f2c-a906-19a05561e8e0,f3bc94b0-54a3-494b-bdeb-8d55ba722cd2,0072b293-bc1d-4679-a59f-6df2d2e41e55,3b122d83-7eee-4892-9dd7-517a3bc13e8d,45a29d0a-a3c2-4a01-8fb3-9f00259b0ee7,0e32b32c-0d2b-4693-8766-bd87953cbd54,60c0673d-0487-48d0-b2c3-bf23abd55778,13005ff5-065e-4715-a544-6880d800f873,a78068dd-298e-4630-a040-ce36b622b467,40d87854-bf93-4d71-92c8-76ee939b297d,7af06a48-cae7-439a-aba1-18b9c25efce5,f43f2c7a-18dc-468b-babe-ecb98f08809d,5687d5bf-6fd9-4a54-a18e-1f7a4704e1d4,homeWin,3-2
3b637be5-b0b0-49f5-b4e9-b2ff76549707,a4e69044-2108-4c59-9d11-60683e74d754,b2a93f23-4d3a-48b7-97d6-c09aed2e253f,1ad52b00-f783-4a9d-87c9-f267cbe66b3b,3e065c0c-7fce-412e-a486-c4970b272bef,d66896f6-3652-4227-9e8d-6910f4e59e2f,0628ba8a-1d02-4899-828f-2d959db2aedd,b0e4cd84-93cf-4961-8bfc-26817d367c0b,6e1ea0f7-a5f4-48d5-8d9b-bb614c85a7bb,0090c958-3edd-4651-9c6a-d3623506bd78,3209800a-470b-430c-8f9a-82f6f4b391ca,161b9e1d-eb0b-4ab7-a296-71d09164124f,f49c428c-62e1-4bf2-9875-7ed6ba6ec8b6,69442a9b-007b-4cb1-af4c-37d937f293a2,e3f2baf5-7651-4054-bed8-9667584d7af6,12566dfe-5818-44a3-868b-14e6ab6c87e5,98f532d8-8512-44b7-b200-3a655b796c78,8cefb673-e564-4faa-ac0a-df5103880124,b435ab17-37f6-43fe-a1bf-a07229d8f910,5530fdf6-4165-48e2-b1e6-d6e1fb76ce30,7e2e655f-249f-4c29-ab7e-b82fd8c5d313,51054b71-f1a9-4397-ba0c-295a1287c32a,839a7a51-5934-4b40-b273-c1cab15f9634,08ab54a8-a2ef-4740-9a41-43f3b45bc1d3,b2d70e61-bab4-4416-ab40-503e3823e0dd,4c2c6d31-f85f-4df1-9983-249e401d6b5c,52463b7b-d145-4181-aa98-9e85eb0b3512,209f5539-e6e4-4c2f-95bc-3ee4ba8fd138,161b9e1d-eb0b-4ab7-a296-71d09164124f,649da738-bac2-4798-ac71-6ebc3c7a8559,homeWin,3-0
89d45c34-5262-49c1-b1da-4587b8713d13,762ee000-afd0-415b-9e1a-0b1db319d85a,9010d82c-20de-4ea4-afc6-accb156b311b,728a022f-b854-42c3-ad2d-7740cbf94802,ff2eb1b1-be49-4dab-aefe-24d2943d18b1,463029dd-64fe-431b-ad95-90bad2b4babb,3627e2f6-2675-458b-ad0d-2d4ff3da7210,a05c0296-ea7e-43c6-b1d4-5e3cfb9ffd40,589ae468-0242-409e-9231-a9de9944896b,5b2b8684-44ee-4d48-8324-0503fd70b669,e2294b9a-8b4b-4bca-8331-88eddc7b2590,11c8181b-8bde-4b10-b807-e5ca781cf0ba,371a24a9-990a-4cec-9ea3-f914ec3b3999,bbca9d04-dfbe-4148-90c6-36de2fe51259,9ce66be8-88b1-45e5-aa1d-9cbf889ddd35,a3aa3eb1-3962-4641-a53f-c337054c0841,a070685b-b38f-4e72-8ba5-895828e77abf,5e34f52a-f2ca-4cdd-aa34-1f9a377e5263,d0e7b23d-5ba4-40c2-b910-b92eb1ffde05,3b274300-5bb3-41ce-a7f2-612072d88905,18fcf45b-2ab6-4294-89e6-bbfadf8acec3,3d64b21e-79a3-4b44-bbb3-7b5c7a5ca77c,1e97c9e7-4696-45af-abf6-fad3b046df7b,97f72154-4ea0-450d-8876-782bf84b5526,fefaaaf4-6fbe-4606-9f94-421cefe808fe,fbafacac-ccc7-4f6e-97a3-2a4ec8be2362,282a3ce3-7903-4377-b620-439bdc111ce8,c89711d2-783a-45d4-918b-de1250f32f13,8da79da1-ccc0-4282-a291-3a78e025d78a,d003cebd-d2f8-42ef-bf11-b42122a27dc3,homeWin,5-2
89d45c34-5262-49c1-b1da-4587b8713d13,762ee000-afd0-415b-9e1a-0b1db319d85a,9010d82c-20de-4ea4-afc6-accb156b311b,728a022f-b854-42c3-ad2d-7740cbf94802,ff2eb1b1-be49-4dab-aefe-24d2943d18b1,463029dd-64fe-431b-ad95-90bad2b4babb,3627e2f6-2675-458b-ad0d-2d4ff3da7210,a05c0296-ea7e-43c6-b1d4-5e3cfb9ffd40,589ae468-0242-409e-9231-a9de9944896b,5b2b8684-44ee-4d48-8324-0503fd70b669,e2294b9a-8b4b-4bca-8331-88eddc7b2590,11c8181b-8bde-4b10-b807-e5ca781cf0ba,371a24a9-990a-4cec-9ea3-f914ec3b3999,bbca9d04-dfbe-4148-90c6-36de2fe51259,9ce66be8-88b1-45e5-aa1d-9cbf889ddd35,a3aa3eb1-3962-4641-a53f-c337054c0841,a070685b-b38f-4e72-8ba5-895828e77abf,5e34f52a-f2ca-4cdd-aa34-1f9a377e5263,d0e7b23d-5ba4-40c2-b910-b92eb1ffde05,3b274300-5bb3-41ce-a7f2-612072d88905,18fcf45b-2ab6-4294-89e6-bbfadf8acec3,3d64b21e-79a3-4b44-bbb3-7b5c7a5ca77c,1e97c9e7-4696-45af-abf6-fad3b046df7b,97f72154-4ea0-450d-8876-782bf84b5526,fefaaaf4-6fbe-4606-9f94-421cefe808fe,fbafacac-ccc7-4f6e-97a3-2a4ec8be2362,282a3ce3-7903-4377-b620-439bdc111ce8,c89711d2-783a-45d4-918b-de1250f32f13,8da79da1-ccc0-4282-a291-3a78e025d78a,d003cebd-d2f8-42ef-bf11-b42122a27dc3,homeWin,5-2
bbe21408-c73e-432f-bcd3-5bad98ba1575,2edaf97b-2b2f-4ad4-9264-be8926279088,59df29de-d8ec-4bfc-b2ed-623d6e81c74a,30ac976f-1ed2-4fe0-ac54-581271a1ebf6,293d1bad-e4b8-470c-90be-20a58c3c5737,0977b875-b240-45c5-9b5d-a26608636311,64dc86ea-f0fc-4b63-a355-c86ce4ea61a0,c88757fa-cb9f-413e-bdef-4c06023891c9,31aa2d9f-b3e7-499f-b9ba-f2c93b83c880,bd55075d-28c7-4a7c-aaf7-daf15aea7e2e,022e8ca9-e697-4ff4-90b0-037b08dd61a1,94e86fbf-0f28-4a59-b330-5f2ecb4201a6,1f62c0e4-8028-4d85-9481-c54755b93aa1,3b88ece8-1796-4f49-80d1-9a4d44cd78c1,dedce2b5-fdb3-439f-9fce-36073c650d3d,fab9af29-a8c7-4473-b237-80314ac6bc25,cc8cd6f8-a07d-4ee2-962f-16958648eb6d,138c9eab-769c-436d-9b0f-43bfa0969a45,2395bd40-23ec-43c1-afe3-1c7e420014ac,ee969cdc-05db-4c79-84be-76b69aa8cbd2,32a2060c-c4f0-4b77-955c-f0b8befc6206,fe71bb6b-af93-41a9-aedc-709ba855ace7,75433600-dbd3-45bc-a055-27b3200d7f41,692765c2-9980-4e9d-9bc7-61761fb683e6,464aac5d-8fa2-4c5e-bbee-613e21ba7b47,7615109f-0a7b-4418-8cde-0d4b6e68ae5c,26a84281-0e22-46b3-9677-670d659ef3df,e9bb74dd-f989-4890-9ec4-9c1084383def,0e44523a-be15-45de-a571-29919a7b39c6,7784bad1-3280-4e9b-95a9-7ad19b89c03d,draw,0-0
bbe21408-c73e-432f-bcd3-5bad98ba1575,2edaf97b-2b2f-4ad4-9264-be8926279088,59df29de-d8ec-4bfc-b2ed-623d6e81c74a,30ac976f-1ed2-4fe0-ac54-581271a1ebf6,293d1bad-e4b8-470c-90be-20a58c3c5737,0977b875-b240-45c5-9b5d-a26608636311,64dc86ea-f0fc-4b63-a355-c86ce4ea61a0,c88757fa-cb9f-413e-bdef-4c06023891c9,31aa2d9f-b3e7-499f-b9ba-f2c93b83c880,bd55075d-28c7-4a7c-aaf7-daf15aea7e2e,022e8ca9-e697-4ff4-90b0-037b08dd61a1,94e86fbf-0f28-4a59-b330-5f2ecb4201a6,1f62c0e4-8028-4d85-9481-c54755b93aa1,3b88ece8-1796-4f49-80d1-9a4d44cd78c1,dedce2b5-fdb3-439f-9fce-36073c650d3d,fab9af29-a8c7-4473-b237-80314ac6bc25,cc8cd6f8-a07d-4ee2-962f-16958648eb6d,138c9eab-769c-436d-9b0f-43bfa0969a45,2395bd40-23ec-43c1-afe3-1c7e420014ac,ee969cdc-05db-4c79-84be-76b69aa8cbd2,32a2060c-c4f0-4b77-955c-f0b8befc6206,fe71bb6b-af93-41a9-aedc-709ba855ace7,75433600-dbd3-45bc-a055-27b3200d7f41,692765c2-9980-4e9d-9bc7-61761fb683e6,464aac5d-8fa2-4c5e-bbee-613e21ba7b47,7615109f-0a7b-4418-8cde-0d4b6e68ae5c,26a84281-0e22-46b3-9677-670d659ef3df,e9bb74dd-f989-4890-9ec4-9c1084383def,0e44523a-be15-45de-a571-29919a7b39c6,7784bad1-3280-4e9b-95a9-7ad19b89c03d,draw,0-0
7c877d8e-e911-4bec-b25b-38cb0d3125aa,6b6eb79e-0b35-41a4-b330-f64bbf94459f,cdd44a57-2a8a-4520-a377-8bbbe90dcf72,94a11ce9-2275-46b3-8f9c-17325dea2ce6,5b1c21c5-b786-43ff-b5fa-2ef87900f3eb,0977b875-b240-45c5-9b5d-a26608636311,9bc73ba2-01e3-4b8e-9414-d31760ac757e,ee4a8da4-849a-4843-9a9c-81a49336f933,0c7a6a7e-9e35-4692-ad6b-b05b20357e07,322776d9-60cc-4036-8720-bcee021a5d0f,391eee67-1879-4e92-a7de-aa6526f62b66,2c020e3d-8b55-4749-88a4-573e21eba931,d0de10e1-c8ef-4c61-b61d-23a3eb1e04b2,7f979b13-7c1a-4e4d-acd3-f43470279389,d69a2f6c-11f0-4ff3-a4e8-d8b5c6065710,91d79c17-a953-42e6-86f6-498c7ff9a051,7405f628-6380-4a73-a42e-f8ccea65149f,07b0de07-9a1b-4e14-a21a-9cb4e8a11002,fed60ff8-a418-47dd-96c0-8f116b61a6f0,e5592bb0-31d4-40e6-8904-eda2b7fb6db5,94db0cf5-bf55-4aac-a8c5-1dd7a013a27b,2c903fa9-da32-4813-8736-673331a46a93,4b42cc16-6b77-43bb-82b6-5ab782ab5b93,f9514a63-255c-4b84-8543-56542f6055a0,28113566-dc5c-4a04-ae77-70bf0f353733,2c28418b-f2e7-4014-aeae-454d64c7e364,d4a6749b-5813-4a6d-a0c3-d9473c778772,5ea453e5-fa40-4e64-8ee1-339b840a5a68,aa9cd7e9-4a98-4cd6-b61e-4d14bb660ac8,5e0f30e0-35a2-44bb-8972-b457417b3e1d,draw,1-1
7c877d8e-e911-4bec-b25b-38cb0d3125aa,6b6eb79e-0b35-41a4-b330-f64bbf94459f,cdd44a57-2a8a-4520-a377-8bbbe90dcf72,94a11ce9-2275-46b3-8f9c-17325dea2ce6,5b1c21c5-b786-43ff-b5fa-2ef87900f3eb,0977b875-b240-45c5-9b5d-a26608636311,9bc73ba2-01e3-4b8e-9414-d31760ac757e,ee4a8da4-849a-4843-9a9c-81a49336f933,0c7a6a7e-9e35-4692-ad6b-b05b20357e07,322776d9-60cc-4036-8720-bcee021a5d0f,391eee67-1879-4e92-a7de-aa6526f62b66,2c020e3d-8b55-4749-88a4-573e21eba931,d0de10e1-c8ef-4c61-b61d-23a3eb1e04b2,7f979b13-7c1a-4e4d-acd3-f43470279389,d69a2f6c-11f0-4ff3-a4e8-d8b5c6065710,91d79c17-a953-42e6-86f6-498c7ff9a051,7405f628-6380-4a73-a42e-f8ccea65149f,07b0de07-9a1b-4e14-a21a-9cb4e8a11002,fed60ff8-a418-47dd-96c0-8f116b61a6f0,e5592bb0-31d4-40e6-8904-eda2b7fb6db5,94db0cf5-bf55-4aac-a8c5-1dd7a013a27b,2c903fa9-da32-4813-8736-673331a46a93,4b42cc16-6b77-43bb-82b6-5ab782ab5b93,f9514a63-255c-4b84-8543-56542f6055a0,28113566-dc5c-4a04-ae77-70bf0f353733,2c28418b-f2e7-4014-aeae-454d64c7e364,d4a6749b-5813-4a6d-a0c3-d9473c778772,5ea453e5-fa40-4e64-8ee1-339b840a5a68,aa9cd7e9-4a98-4cd6-b61e-4d14bb660ac8,5e0f30e0-35a2-44bb-8972-b457417b3e1d,draw,1-1
4b7a5d6d-798a-4c8c-afbf-ad17744e2ae5,5946660f-7082-448f-963d-9c486fd41e90,ce98a22e-2ffc-4bae-9062-91975a340c30,65748b77-ff58-448a-b782-d7c20098fa8a,9e3543ba-3df8-4f9d-a570-502044f0342e,355d1608-10a7-4de1-b92f-f9b0e8893f45,2c0c0168-f85a-465f-a58b-2f76db0baef6,ec14a9e1-c66b-4da1-a0d0-5918f515c85d,03ef219d-a797-4831-af03-ccd852cfa42a,420c3a13-2852-4b68-8885-c766ac240613,f39b6447-b4e5-44f9-ab8d-702e9ecad526,9c773594-ec07-4f96-82e6-2ed4096f1cea,8fec954f-64ee-4687-a175-84cd1d2f1487,373dd18f-cb58-4f93-941c-4c7a1d3aae66,7fd49637-dad2-4743-abaa-4bd610f8a8a0,7e36e208-aaa3-4479-85c5-e886f9591988,4b91a4a4-b753-4625-8d27-e09ae83103be,516a4569-7402-4433-bac8-4edf78d76f08,f7b1ae30-2c3e-4478-8ed7-1f680539d136,fe27cc57-0dd0-4db5-8912-fdcf1defd065,4b42cc16-6b77-43bb-82b6-5ab782ab5b93,e7b59013-370f-4d3f-934c-f1ce0e37f66c,b86b0273-e0f4-429f-9d38-eb9ac3d25b72,c4357c50-faff-4db2-9cfa-10d623ab081d,953343b8-e9e7-4c92-b479-8a3b85ed4922,3a2cdb03-0440-45f4-b298-459e70b0b8f2,67f148e4-c663-40cf-8c14-89781a7987a0,2546c63f-4092-4158-821f-e84fd2438b15,d297d615-2efe-4fae-ace2-7cdc7e3e4558,4e4f3524-89e1-4e68-a0a6-2c7d8f33a236,draw,1-1
4b7a5d6d-798a-4c8c-afbf-ad17744e2ae5,5946660f-7082-448f-963d-9c486fd41e90,ce98a22e-2ffc-4bae-9062-91975a340c30,65748b77-ff58-448a-b782-d7c20098fa8a,9e3543ba-3df8-4f9d-a570-502044f0342e,355d1608-10a7-4de1-b92f-f9b0e8893f45,2c0c0168-f85a-465f-a58b-2f76db0baef6,ec14a9e1-c66b-4da1-a0d0-5918f515c85d,03ef219d-a797-4831-af03-ccd852cfa42a,420c3a13-2852-4b68-8885-c766ac240613,f39b6447-b4e5-44f9-ab8d-702e9ecad526,9c773594-ec07-4f96-82e6-2ed4096f1cea,8fec954f-64ee-4687-a175-84cd1d2f1487,373dd18f-cb58-4f93-941c-4c7a1d3aae66,7fd49637-dad2-4743-abaa-4bd610f8a8a0,7e36e208-aaa3-4479-85c5-e886f9591988,4b91a4a4-b753-4625-8d27-e09ae83103be,516a4569-7402-4433-bac8-4edf78d76f08,f7b1ae30-2c3e-4478-8ed7-1f680539d136,fe27cc57-0dd0-4db5-8912-fdcf1defd065,4b42cc16-6b77-43bb-82b6-5ab782ab5b93,e7b59013-370f-4d3f-934c-f1ce0e37f66c,b86b0273-e0f4-429f-9d38-eb9ac3d25b72,c4357c50-faff-4db2-9cfa-10d623ab081d,953343b8-e9e7-4c92-b479-8a3b85ed4922,3a2cdb03-0440-45f4-b298-459e70b0b8f2,67f148e4-c663-40cf-8c14-89781a7987a0,2546c63f-4092-4158-821f-e84fd2438b15,d297d615-2efe-4fae-ace2-7cdc7e3e4558,4e4f3524-89e1-4e68-a0a6-2c7d8f33a236,draw,1-1
b9575882-eceb-44d0-95cb-63d07d89aa16,fef93412-e52f-4ff7-82f3-584b1a2dcb08,d54d35d1-583d-4bda-b125-789bbc3e9c08,35f9d71b-d618-4932-b7bf-921a10df736f,0d44c3d1-5319-4c99-b05e-9112c0fd5edc,34fc9a72-0c25-47f7-b673-34e9557cd1ea,d97f3510-6049-46c7-a1c6-2d2d40ea9073,b72b8151-e47e-4cda-acfe-0ba8a16d73a7,1959e6ee-9961-4ce4-b912-b1cf695b76d0,e0a157b1-e798-4f6c-8950-6ebcb1d6ea16,f3fb01d4-30cd-4453-874b-68f31dffb49e,b8cefd74-4cdc-4f83-9975-b60cddce817e,23b52f5e-f26f-46fd-a0dd-5db8d40ead50,1f8168fa-94a7-4ad7-a8ff-fc84d99fc877,9c9910d6-d160-4ab8-a15a-7891a200a800,81e5652e-3d2a-4393-bf78-4af6ce17a781,1c0d6173-171c-48a0-8821-be2802c94e64,cb1f2a76-b6e1-455c-9696-ac3d80607ec3,cb83c62d-41c1-4bed-8f0f-1ea9d36880dc,11837ed7-5eef-44ee-a372-8c2c7235e79b,5633e6a8-a584-401f-9338-b3dd53f334fb,2e205f15-e7b3-4c65-b5af-a84fd0fab0ae,64fdf71e-8db3-47ef-9bce-77f764a08ce3,4d7b21a1-998f-4ad9-b8bb-e06ff43f92b2,9648aa3c-cbde-4a67-925c-1760de1f5b23,2ec3d74d-336c-4fdf-ad5d-e2feaccce79c,946d52dd-f69b-4803-9729-294939cb96f8,18111097-6bf6-40cd-8e3a-c814c00c6ea8,d944fd43-46eb-4fb9-a0fb-211510fa1356,8d5dfeb4-f637-4554-93af-3007d6a05147,homeWin,3-2
b9575882-eceb-44d0-95cb-63d07d89aa16,fef93412-e52f-4ff7-82f3-584b1a2dcb08,d54d35d1-583d-4bda-b125-789bbc3e9c08,35f9d71b-d618-4932-b7bf-921a10df736f,0d44c3d1-5319-4c99-b05e-9112c0fd5edc,34fc9a72-0c25-47f7-b673-34e9557cd1ea,d97f3510-6049-46c7-a1c6-2d2d40ea9073,b72b8151-e47e-4cda-acfe-0ba8a16d73a7,1959e6ee-9961-4ce4-b912-b1cf695b76d0,e0a157b1-e798-4f6c-8950-6ebcb1d6ea16,f3fb01d4-30cd-4453-874b-68f31dffb49e,b8cefd74-4cdc-4f83-9975-b60cddce817e,23b52f5e-f26f-46fd-a0dd-5db8d40ead50,1f8168fa-94a7-4ad7-a8ff-fc84d99fc877,9c9910d6-d160-4ab8-a15a-7891a200a800,81e5652e-3d2a-4393-bf78-4af6ce17a781,1c0d6173-171c-48a0-8821-be2802c94e64,cb1f2a76-b6e1-455c-9696-ac3d80607ec3,cb83c62d-41c1-4bed-8f0f-1ea9d36880dc,11837ed7-5eef-44ee-a372-8c2c7235e79b,5633e6a8-a584-401f-9338-b3dd53f334fb,2e205f15-e7b3-4c65-b5af-a84fd0fab0ae,64fdf71e-8db3-47ef-9bce-77f764a08ce3,4d7b21a1-998f-4ad9-b8bb-e06ff43f92b2,9648aa3c-cbde-4a67-925c-1760de1f5b23,2ec3d74d-336c-4fdf-ad5d-e2feaccce79c,946d52dd-f69b-4803-9729-294939cb96f8,18111097-6bf6-40cd-8e3a-c814c00c6ea8,d944fd43-46eb-4fb9-a0fb-211510fa1356,8d5dfeb4-f637-4554-93af-3007d6a05147,homeWin,3-2
